word,pos,total,articles
世,名詞,2221,399
結婚,名詞,1017,401
王,名詞,986,322
公,名詞,985,292
夫,名詞,585,258
妃,名詞,576,265
彼女,名詞,459,158
娘,名詞,448,272
生まれる,動詞,444,339
王子,名詞,418,148
イギリス,名詞,413,125
王女,名詞,408,150
女,名詞,380,228
王妃,名詞,373,175
生涯,名詞,369,340
大公,名詞,337,133
父,名詞,333,164
ドイツ,名詞,326,170
母,名詞,325,166
妻,名詞,323,197
ダイアナ,名詞,313,6
カール,名詞,303,119
公爵,名詞,285,102
フランス,名詞,277,120
女王,名詞,273,89
皇帝,名詞,272,99
デンマーク,名詞,271,84
ない,形容詞,264,131
継承,名詞,261,107
息子,名詞,259,134
宮殿,名詞,258,133
夫妻,名詞,251,125
ジョージ,名詞,250,69
子供,名詞,244,162
王位,名詞,242,112
太子,名詞,237,103
ルイ,名詞,226,82
スウェーデン,名詞,225,67
皇太子,名詞,222,27
王族,名詞,217,152
王室,名詞,216,77
侯,名詞,212,89
夫人,名詞,209,98
妹,名詞,208,137
死去,名詞,207,154
スペイン,名詞,204,66
弟,名詞,203,129
国王,名詞,195,93
姉,名詞,191,116
長女,名詞,184,150
エドワード,名詞,180,44
もうける,動詞,179,167
受ける,動詞,178,99
メアリー,名詞,174,31
宮廷,名詞,172,93
兄,名詞,171,109
語,名詞,171,128
城,名詞,168,100
伯,名詞,166,93
離婚,名詞,164,60
生活,名詞,163,97
プロイセン,名詞,161,66
称号,名詞,158,79
フリードリヒ,名詞,158,76
ヘンリー,名詞,158,13
いう,動詞,157,75
ロシア,名詞,152,47
モナコ,名詞,151,20
誕生,名詞,150,84
行う,動詞,143,70
最初,名詞,142,110
エリザベス,名詞,142,44
ザクセン,名詞,141,77
マリー,名詞,141,64
マリア,名詞,140,67
バイエルン,名詞,139,56
アレクサンドラ,名詞,139,38
子女,名詞,137,109
位,名詞,137,71
亡くなる,動詞,136,109
皇后,名詞,133,56
長男,名詞,132,96
伯爵,名詞,131,64
帝,名詞,131,50
イタリア,名詞,131,74
選,名詞,128,47
のち,名詞,128,92
王家,名詞,126,79
キャサリン,名詞,125,8
呼ぶ,動詞,125,89
オーストリア,名詞,123,76
婚約,名詞,123,67
当時,名詞,122,83
フィリップ,名詞,122,59
女性,名詞,120,77
ギリシャ,名詞,120,36
貴族,名詞,116,78
彼,名詞,115,73
持つ,動詞,114,81
即位,名詞,113,82
権,名詞,113,64
男,名詞,113,100
イングランド,名詞,110,32
両親,名詞,107,80
ロンドン,名詞,106,52
次女,名詞,104,91
アンナ,名詞,103,47
一家,名詞,102,48
結婚式,名詞,102,64
再婚,名詞,101,76
パリ,名詞,100,62
世界,名詞,99,65
暮らす,動詞,98,72
与える,動詞,96,62
マリヤ,名詞,96,2
カトリック,名詞,93,48
ナポレオン,名詞,93,34
グスタフ,名詞,92,27
国民,名詞,92,41
自身,名詞,91,60
務める,動詞,90,66
訪問,名詞,90,40
アン,名詞,89,31
大戦,名詞,89,59
領,名詞,88,58
ら,名詞,87,59
王国,名詞,86,75
チャールズ,名詞,86,19
できる,動詞,86,47
同年,名詞,85,53
摂政,名詞,84,54
時代,名詞,83,55
現在,名詞,83,66
家族,名詞,82,58
母方,名詞,81,69
ノルウェー,名詞,81,33
知る,動詞,81,64
亡命,名詞,80,57
公子,名詞,80,62
夫婦,名詞,80,60
戦争,名詞,79,46
出産,名詞,78,51
オランダ,名詞,78,30
教育,名詞,78,57
アリス,名詞,78,22
教会,名詞,77,65
ローマ,名詞,77,44
ソフィア,名詞,76,29
帰国,名詞,75,52
従兄,名詞,75,65
ベルギー,名詞,73,40
言う,動詞,73,50
発表,名詞,73,37
相続,名詞,72,57
政治,名詞,72,46
愛人,名詞,72,41
ウィリアム,名詞,72,24
オブ,名詞,71,45
次男,名詞,71,50
孫,名詞,70,52
戻る,動詞,70,49
死,名詞,69,47
出席,名詞,69,36
アレクサンドル,名詞,69,18
送る,動詞,68,53
代,名詞,68,37
州,名詞,67,52
非常,名詞,67,59
葬る,動詞,66,61
修道院,名詞,66,36
住む,動詞,66,51
嫁ぐ,動詞,65,53
問題,名詞,65,32
活動,名詞,65,43
ルーマニア,名詞,65,13
アメリカ,名詞,65,24
続ける,動詞,64,40
ベルリン,名詞,64,42
一緒,名詞,63,37
大学,名詞,63,32
認める,動詞,63,40
仲,名詞,63,51
末,名詞,62,55
姉妹,名詞,62,46
祖母,名詞,62,43
ウィンザー,名詞,61,29
アルバート,名詞,61,22
母親,名詞,61,46
ケント,名詞,60,22
祖父,名詞,59,44
洗礼,名詞,59,45
甥,名詞,58,51
殿下,名詞,57,31
最後,名詞,57,45
軍,名詞,57,37
死ぬ,動詞,57,44
番目,名詞,56,46
叔母,名詞,56,34
ニコライ,名詞,56,14
病院,名詞,56,39
得る,動詞,55,41
深い,形容詞,55,41
考える,動詞,54,38
シャー,名詞,53,18
過ごす,動詞,53,43
派,名詞,53,36
さ,名詞,53,35
噂,名詞,52,34
オルレアン,名詞,52,30
革命,名詞,52,36
移る,動詞,52,36
死後,名詞,51,47
ウェールズ,名詞,51,29
育つ,動詞,51,45
性,名詞,51,33
政府,名詞,50,36
見る,動詞,50,29
教皇,名詞,50,22
影響,名詞,50,32
従弟,名詞,50,44
人物,名詞,49,38
コン,名詞,49,15
反対,名詞,49,29
父方,名詞,49,39
埋葬,名詞,49,42
一員,名詞,49,48
ロット,名詞,49,15
兄弟,名詞,48,38
あたる,動詞,48,47
学校,名詞,48,24
太,名詞,48,29
始める,動詞,48,35
ポーランド,名詞,47,25
エリク,名詞,47,9
英国,名詞,47,20
ルクセンブルク,名詞,47,17
出身,名詞,47,38
崩御,名詞,47,19
ブランデンブルク,名詞,47,22
失う,動詞,47,33
別居,名詞,46,31
フランツ,名詞,46,22
叔父,名詞,46,37
戴冠,名詞,46,25
プリンセス,名詞,46,35
交際,名詞,45,23
バッキンガム,名詞,45,26
期,名詞,44,40
慈善,名詞,44,32
強い,形容詞,44,26
父親,名詞,44,35
男子,名詞,44,31
ウィーン,名詞,44,31
君主,名詞,44,33
正式,名詞,44,29
ポルトガル,名詞,44,29
クリスチャン,名詞,44,21
精神,名詞,43,24
死別,名詞,43,39
度目,名詞,43,34
育てる,動詞,43,36
聖堂,名詞,43,30
敬称,名詞,43,26
エディンバラ,名詞,43,26
アドルフ,名詞,43,24
后,名詞,43,27
公務,名詞,42,20
急死,名詞,42,39
状態,名詞,42,32
幼い,形容詞,42,34
世子,名詞,42,37
三男,名詞,42,36
侯爵,名詞,41,28
女子,名詞,41,29
滞在,名詞,41,30
辺境,名詞,41,19
姪,名詞,41,36
堂,名詞,41,38
美しい,形容詞,41,30
皇太后,名詞,41,8
カミラ,名詞,40,3
コペンハーゲン,名詞,40,22
ミュンヘン,名詞,40,30
同盟,名詞,40,28
出生,名詞,40,29
支援,名詞,40,30
マスコミ,名詞,40,7
スコットランド,名詞,40,25
フレデリック,名詞,40,19
養育,名詞,40,28
友人,名詞,40,25
求める,動詞,39,27
継ぐ,動詞,39,33
離れる,動詞,39,32
続く,動詞,39,27
良い,形容詞,39,30
オーガスタ,名詞,39,14
選ぶ,動詞,38,33
身,名詞,38,28
退位,名詞,38,26
アーサー,名詞,38,11
思う,動詞,38,20
ストックホルム,名詞,38,22
入る,動詞,38,28
手紙,名詞,38,16
地位,名詞,38,30
ヨーロッパ,名詞,37,29
フランソワ,名詞,37,17
人々,名詞,37,23
自ら,名詞,37,29
公国,名詞,37,28
人気,名詞,37,27
カナダ,名詞,37,9
アルベール,名詞,37,21
セル,名詞,36,18
神聖,名詞,36,22
結果,名詞,36,29
公家,名詞,36,20
若い,形容詞,36,30
モード,名詞,36,9
社交,名詞,36,23
旅行,名詞,36,24
改宗,名詞,35,25
しまう,動詞,35,25
訪れる,動詞,35,25
帝国,名詞,35,26
葬儀,名詞,35,20
成立,名詞,35,27
ジェームズ,名詞,35,25
出る,動詞,35,21
出す,動詞,35,24
側,名詞,35,23
唯一,名詞,35,29
名乗る,動詞,35,27
無い,形容詞,35,25
高い,形容詞,34,23
主張,名詞,34,19
ケンブリッジ,名詞,34,13
宣言,名詞,34,22
セント,名詞,34,23
ブルボン,名詞,34,23
縁談,名詞,34,23
縁組,名詞,34,24
悪い,形容詞,34,23
子孫,名詞,34,23
エレナ,名詞,33,10
カルロス,名詞,33,17
遺体,名詞,33,26
行く,動詞,33,24
年間,名詞,33,25
フランス語,名詞,33,31
生む,動詞,33,27
述べる,動詞,33,9
処刑,名詞,33,16
家庭,名詞,33,28
親しい,形容詞,33,23
トスカーナ,名詞,33,17
多い,形容詞,32,20
エリザベート,名詞,32,15
存在,名詞,32,28
礼拝,名詞,32,29
性格,名詞,32,26
支持,名詞,32,23
英語,名詞,32,27
未亡人,名詞,32,26
不幸,名詞,32,30
理由,名詞,32,28
相手,名詞,32,26
公式,名詞,32,22
義理,名詞,32,27
ナチス,名詞,31,17
迎える,動詞,31,26
嫌う,動詞,31,27
伴う,動詞,31,22
婚姻,名詞,31,18
示す,動詞,31,24
心,名詞,31,16
マリ,名詞,31,27
置く,動詞,31,26
略歴,名詞,31,31
ファッション,名詞,30,10
関心,名詞,30,24
妊娠,名詞,30,21
プロテスタント,名詞,30,17
マル,名詞,30,17
統治,名詞,30,23
国際,名詞,30,14
愛妾,名詞,30,19
日本,名詞,30,16
男爵,名詞,30,21
将来,名詞,30,19
許す,動詞,30,27
後継,名詞,30,25
少女,名詞,30,21
取る,動詞,30,16
孫娘,名詞,30,27
作る,動詞,29,22
晩年,名詞,29,28
望む,動詞,29,21
総督,名詞,29,15
症,名詞,29,18
起きる,動詞,29,27
原因,名詞,29,24
連れる,動詞,29,25
英,名詞,29,20
異母,名詞,29,21
社会,名詞,29,21
主義,名詞,29,22
ルイス,名詞,28,13
マーガレット,名詞,28,13
働く,動詞,28,22
向かう,動詞,28,22
つく,動詞,28,23
財産,名詞,28,22
対立,名詞,28,18
以来,名詞,28,20
所有,名詞,28,20
ハンガリー,名詞,28,19
棺,名詞,28,12
島,名詞,28,18
必要,名詞,28,19
郊外,名詞,28,24
許可,名詞,27,16
ドレスデン,名詞,27,18
参加,名詞,27,19
順位,名詞,27,21
初代,名詞,27,24
ジャン,名詞,27,16
ジョン,名詞,27,15
スイス,名詞,27,23
朝,名詞,27,23
全て,名詞,27,22
政略,名詞,27,26
長い,形容詞,27,24
首相,名詞,27,14
学,名詞,27,15
宗教,名詞,27,18
王宮,名詞,27,18
同様,名詞,27,24
させる,動詞,27,19
リア,名詞,27,23
決める,動詞,27,24
家長,名詞,26,20
挙げる,動詞,26,23
身分,名詞,26,21
翌年,名詞,26,23
トリノ,名詞,26,21
就く,動詞,26,23
会う,動詞,26,17
テック,名詞,26,11
女優,名詞,26,11
独身,名詞,26,25
残る,動詞,26,21
幼少,名詞,26,25
ベア,名詞,26,8
外国,名詞,26,15
花嫁,名詞,26,20
式典,名詞,25,15
出会う,動詞,25,22
起こす,動詞,25,21
ヨーク,名詞,25,17
授ける,動詞,25,22
持参,名詞,25,16
芸術,名詞,25,21
婚礼,名詞,25,15
嫡出,名詞,25,11
トリス,名詞,25,7
批判,名詞,25,10
令嬢,名詞,25,16
没す,動詞,25,22
かかわる,動詞,25,23
かける,動詞,25,18
海軍,名詞,25,17
産む,動詞,25,20
同士,名詞,24,21
好き,名詞,24,17
移住,名詞,24,17
写真,名詞,24,13
不倫,名詞,24,13
名付ける,動詞,24,20
可能,名詞,24,19
伯父,名詞,24,22
遺骸,名詞,24,22
本,名詞,24,10
事故,名詞,24,15
購入,名詞,24,20
医師,名詞,24,14
赤十字,名詞,24,15
女官,名詞,24,15
経済,名詞,24,20
残す,動詞,24,19
議会,名詞,23,17
楽しむ,動詞,23,17
学ぶ,動詞,23,18
庶子,名詞,23,16
健康,名詞,23,20
結ぶ,動詞,23,15
名誉,名詞,23,20
独立,名詞,23,16
任命,名詞,23,17
ハーグ,名詞,23,12
予定,名詞,23,15
報道,名詞,23,10
フィンランド,名詞,23,11
ちなむ,動詞,23,22
新しい,形容詞,23,20
実家,名詞,23,20
従姉,名詞,23,21
美貌,名詞,23,15
立つ,動詞,23,18
所領,名詞,23,15
彼ら,名詞,23,15
儲ける,動詞,23,17
出版,名詞,23,13
激しい,形容詞,23,22
年代,名詞,23,16
近郊,名詞,22,20
長,名詞,22,14
勃発,名詞,22,22
愛情,名詞,22,18
挙式,名詞,22,18
事件,名詞,22,15
末子,名詞,22,22
当初,名詞,22,19
卿,名詞,22,8
熱心,名詞,22,19
陸軍,名詞,22,17
血,名詞,22,17
入学,名詞,22,11
各国,名詞,22,14
使う,動詞,22,13
ドロ,名詞,22,10
設立,名詞,22,17
聖,名詞,22,21
同行,名詞,22,16
年上,名詞,22,22
ハプスブルク,名詞,22,13
陰謀,名詞,22,7
同族,名詞,22,18
終わる,動詞,22,18
代理,名詞,22,16
支配,名詞,22,19
画家,名詞,22,15
以外,名詞,22,19
中心,名詞,22,21
一部,名詞,22,20
放棄,名詞,22,16
父母,名詞,22,18
良好,名詞,22,20
社,名詞,21,15
義父,名詞,21,14
愛す,動詞,21,18
姑,名詞,21,15
ハウス,名詞,21,13
信徒,名詞,21,13
チャン,名詞,21,17
引く,動詞,21,18
歴史,名詞,21,18
歓迎,名詞,21,18
幸福,名詞,21,18
代わり,名詞,21,17
先立つ,動詞,21,18
ロイヤル,名詞,21,17
書く,動詞,21,16
車,名詞,21,8
嫁,名詞,21,13
解消,名詞,21,20
シ,名詞,21,9
恵まれる,動詞,21,21
恋,名詞,21,15
クリス,名詞,21,17
パトリシア,名詞,21,3
カトリーヌ,名詞,21,5
付ける,動詞,21,20
霊廟,名詞,20,14
ブルガリア,名詞,20,6
参列,名詞,20,16
アルト,名詞,20,14
通り,名詞,20,13
執り行う,動詞,20,17
追う,動詞,20,16
アナ,名詞,20,12
ブラジル,名詞,20,8
カロリーヌ,名詞,20,8
有名,名詞,20,17
がる,動詞,20,14
か月,名詞,20,18
アストリッド,名詞,20,7
事業,名詞,20,13
招く,動詞,20,13
保持,名詞,20,16
援助,名詞,20,17
エドゥ,名詞,20,14
国外,名詞,20,19
週間,名詞,20,14
サン,名詞,20,17
当たる,動詞,20,18
一人娘,名詞,20,20
婚,名詞,20,16
近い,形容詞,20,19
面会,名詞,20,14
ペ,名詞,20,9
シチリア,名詞,20,13
悪化,名詞,20,18
賞,名詞,20,11
グレース,名詞,20,6
世継ぎ,名詞,20,16
連合,名詞,20,16
開く,動詞,20,16
寺院,名詞,20,15
集める,動詞,20,16
因む,動詞,20,19
ニコラ,名詞,20,13
到着,名詞,20,12
贈る,動詞,20,17
改革,名詞,20,12
ドレス,名詞,20,11
地方,名詞,20,17
生い立ち,名詞,19,19
ジョゼフ,名詞,19,14
一方,名詞,19,13
アメリカ合衆国,名詞,19,16
年下,名詞,19,18
追放,名詞,19,15
修道,名詞,19,7
避難,名詞,19,19
ウェストミンスター,名詞,19,14
ポツダム,名詞,19,14
館,名詞,19,17
女児,名詞,19,12
説得,名詞,19,14
立場,名詞,19,16
仏,名詞,19,19
言える,動詞,19,17
住まい,名詞,19,18
映画,名詞,19,8
姿,名詞,19,16
団,名詞,19,12
独,名詞,19,15
回復,名詞,19,16
肖像,名詞,19,14
長兄,名詞,19,14
宰相,名詞,19,17
行事,名詞,19,14
保つ,動詞,19,18
双子,名詞,19,16
領地,名詞,19,15
アテネ,名詞,18,11
親族,名詞,18,12
記念,名詞,18,14
別荘,名詞,18,14
計画,名詞,18,9
称す,動詞,18,17
暗殺,名詞,18,16
党,名詞,18,7
役,名詞,18,14
ベルト,名詞,18,6
愛称,名詞,18,15
求婚,名詞,18,12
政策,名詞,18,12
周囲,名詞,18,15
大統領,名詞,18,12
政権,名詞,18,11
天皇,名詞,18,7
哲学,名詞,18,7
見せる,動詞,18,10
教徒,名詞,18,15
男性,名詞,18,14
逮捕,名詞,18,16
連隊,名詞,18,9
爵位,名詞,18,14
マルゲリータ,名詞,18,6
好意,名詞,18,14
アレクサンダー,名詞,18,11
含む,動詞,18,16
リン,名詞,18,12
看護,名詞,18,12
一時,名詞,18,14
一族,名詞,18,16
死産,名詞,18,13
年金,名詞,18,15
逃れる,動詞,18,18
拒否,名詞,18,16
国内,名詞,18,14
招待,名詞,18,10
邸宅,名詞,18,14
死亡,名詞,18,16
避ける,動詞,18,17
プリンス・オブ・ウェールズ,名詞,18,16
言葉,名詞,17,13
始まる,動詞,17,15
夭折,名詞,17,17
失敗,名詞,17,16
マドリード,名詞,17,10
番組,名詞,17,5
明らか,名詞,17,15
制,名詞,17,14
画,名詞,17,11
リチャード,名詞,17,2
皇族,名詞,17,13
音楽,名詞,17,14
裁判,名詞,17,8
出来る,動詞,17,12
遺言,名詞,17,14
条約,名詞,17,15
実現,名詞,17,17
姫,名詞,17,14
命名,名詞,17,14
落ちる,動詞,17,15
守る,動詞,17,13
長姉,名詞,17,17
ミ,名詞,17,4
アイルランド,名詞,17,14
嗣子,名詞,17,15
最終,名詞,17,16
無効,名詞,17,10
支える,動詞,17,15
亡くす,動詞,17,14
ガ,名詞,17,7
儀礼,名詞,17,13
主,名詞,17,16
推定,名詞,17,15
移す,動詞,17,16
教師,名詞,17,15
作家,名詞,17,16
早世,名詞,17,16
事態,名詞,17,16
人間,名詞,17,11
協力,名詞,16,11
義兄,名詞,16,13
ブルゴーニュ,名詞,16,6
成人,名詞,16,16
師,名詞,16,7
卒業,名詞,16,14
曾祖母,名詞,16,14
獲得,名詞,16,12
オリンピック,名詞,16,8
受け入れる,動詞,16,13
伝統,名詞,16,11
バル,名詞,16,6
廃位,名詞,16,13
せい,名詞,16,15
移り住む,動詞,16,12
座,名詞,16,14
ウン,名詞,16,5
ポール,名詞,16,8
くれる,動詞,16,14
フランソワーズ,名詞,16,12
勲章,名詞,16,9
アマ,名詞,16,12
皇女,名詞,16,14
入れる,動詞,16,13
請求,名詞,16,15
個人,名詞,16,11
学者,名詞,16,12
感じる,動詞,16,12
顔,名詞,16,12
舅,名詞,16,9
完全,名詞,16,13
邸,名詞,16,5
メキシコ,名詞,16,6
文通,名詞,16,12
かかる,動詞,16,14
優れる,動詞,16,13
聞く,動詞,16,11
意向,名詞,16,11
自由,名詞,16,12
起こる,動詞,16,13
科学,名詞,16,14
報じる,動詞,16,8
軍人,名詞,16,15
大変,名詞,16,14
スター,名詞,16,9
ジェーン,名詞,16,3
晩餐,名詞,15,9
首都,名詞,15,12
創設,名詞,15,13
セーラ,名詞,15,6
和解,名詞,15,13
進める,動詞,15,13
知り合う,動詞,15,15
才能,名詞,15,11
出演,名詞,15,10
戦い,名詞,15,12
侍従,名詞,15,12
ハインリヒ,名詞,15,6
建てる,動詞,15,13
子爵,名詞,15,9
果たす,動詞,15,13
同母,名詞,15,12
戦後,名詞,15,12
喜ぶ,動詞,15,12
経験,名詞,15,12
紙,名詞,15,9
不仲,名詞,15,12
曾孫,名詞,15,13
親王,名詞,15,7
事実,名詞,15,11
いずれ,名詞,15,14
インタビュー,名詞,15,7
受け継ぐ,動詞,15,14
つける,動詞,15,15
公夫,名詞,15,10
事故死,名詞,15,10
占領,名詞,15,13
恋愛,名詞,15,13
市民,名詞,15,14
信仰,名詞,15,13
欧州,名詞,15,10
ブリュッセル,名詞,15,13
総裁,名詞,15,11
収入,名詞,15,9
魅力,名詞,15,14
候補,名詞,15,12
注目,名詞,15,11
母国,名詞,15,13
墓所,名詞,15,15
サンクトペテルブルク,名詞,15,9
時期,名詞,15,11
合う,動詞,15,12
未来,名詞,15,10
ニューヨーク,名詞,15,9
外交,名詞,15,12
特別,名詞,15,11
積極,名詞,15,13
治世,名詞,15,11
通う,動詞,15,13
解放,名詞,15,13
伯母,名詞,15,15
直前,名詞,15,13
表記,名詞,14,8
書き送る,動詞,14,7
遺産,名詞,14,13
去る,動詞,14,12
居城,名詞,14,12
経歴,名詞,14,14
官,名詞,14,13
郡,名詞,14,12
ダンス,名詞,14,6
拒む,動詞,14,12
ヴァイ,名詞,14,7
命じる,動詞,14,11
剥奪,名詞,14,14
勝利,名詞,14,8
依頼,名詞,14,12
寄せる,動詞,14,14
重要,名詞,14,13
授かる,動詞,14,13
同居,名詞,14,8
流す,動詞,14,10
侵攻,名詞,14,9
評す,動詞,14,9
使用,名詞,14,10
着る,動詞,14,7
受け取る,動詞,14,14
階級,名詞,14,10
来る,動詞,14,11
宮,名詞,14,8
平和,名詞,14,11
建設,名詞,14,14
趣味,名詞,14,13
服,名詞,14,4
帰る,動詞,14,11
収容,名詞,14,6
由来,名詞,14,11
ミラノ,名詞,14,7
語る,動詞,14,9
役割,名詞,14,11
クーデター,名詞,14,11
フリー,名詞,14,13
逝去,名詞,14,8
サンド,名詞,14,8
資格,名詞,14,14
渡る,動詞,14,12
病,名詞,14,13
ポンド,名詞,14,7
暮らし,名詞,14,12
放送,名詞,14,6
懐妊,名詞,14,9
患う,動詞,14,14
費,名詞,14,7
共同,名詞,14,8
伝える,動詞,14,11
共和,名詞,14,11
隣,名詞,14,12
関わる,動詞,14,11
余儀ない,形容詞,14,14
自宅,名詞,14,12
感情,名詞,14,11
経る,動詞,14,13
納骨,名詞,14,13
分家,名詞,14,12
グロ,名詞,14,7
場所,名詞,14,12
成長,名詞,14,13
大使,名詞,14,10
障害,名詞,14,13
上位,名詞,14,9
舞踏,名詞,14,10
夜,名詞,14,6
勤務,名詞,13,12
作品,名詞,13,11
生まれ,名詞,13,10
勧める,動詞,13,11
ガム,名詞,13,7
地雷,名詞,13,1
叙爵,名詞,13,8
資産,名詞,13,11
すぎる,動詞,13,11
違う,動詞,13,11
法的,名詞,13,12
パス,名詞,13,2
基づく,動詞,13,13
成功,名詞,13,11
感謝,名詞,13,9
記す,動詞,13,9
愛,名詞,13,7
大佐,名詞,13,5
アル,名詞,13,9
電話,名詞,13,3
レオ,名詞,13,10
祝う,動詞,13,12
希望,名詞,13,7
帝位,名詞,13,10
就任,名詞,13,12
期待,名詞,13,13
感染,名詞,13,12
通す,動詞,13,13
フォン,名詞,13,13
会社,名詞,13,8
公表,名詞,13,9
次ぐ,動詞,13,12
美人,名詞,13,11
似る,動詞,13,11
訪英,名詞,13,5
流産,名詞,13,11
子ども,名詞,13,10
用いる,動詞,13,10
決定,名詞,13,11
セ,名詞,13,4
宮中,名詞,13,10
承認,名詞,13,12
運転,名詞,13,8
文化,名詞,13,10
理解,名詞,13,12
要求,名詞,13,9
引退,名詞,13,11
出来事,名詞,13,12
ミハイル,名詞,13,6
枢機卿,名詞,13,9
男児,名詞,13,8
当主,名詞,13,13
崩壊,名詞,13,12
仕える,動詞,13,13
心臓,名詞,13,10
監督,名詞,13,9
条件,名詞,12,10
運動,名詞,12,11
本家,名詞,12,11
着用,名詞,12,7
休暇,名詞,12,9
国籍,名詞,12,4
研究,名詞,12,7
故国,名詞,12,11
宝石,名詞,12,10
調査,名詞,12,7
バラ,名詞,12,4
とる,動詞,12,9
パーティー,名詞,12,10
構える,動詞,12,12
メディア,名詞,12,8
大勢,名詞,12,12
定める,動詞,12,11
病気,名詞,12,12
オノ,名詞,12,6
オス,名詞,12,5
敬虔,名詞,12,11
住居,名詞,12,12
天然痘,名詞,12,11
機,名詞,12,7
次兄,名詞,12,10
ノーフォーク,名詞,12,8
好む,動詞,12,11
改葬,名詞,12,7
フィレンツェ,名詞,12,8
根拠,名詞,12,10
いい,形容詞,12,8
苦しむ,動詞,12,10
捧げる,動詞,12,11
国政,名詞,12,7
ファースト,名詞,12,11
来日,名詞,12,3
異母弟,名詞,12,11
破談,名詞,12,10
ブラ,名詞,12,7
治療,名詞,12,8
法律,名詞,12,11
説,名詞,12,7
城内,名詞,12,12
会議,名詞,12,10
オリ,名詞,12,2
断る,動詞,12,11
保護,名詞,12,10
権力,名詞,12,8
馬車,名詞,12,8
併合,名詞,12,12
画策,名詞,12,9
全員,名詞,12,12
内戦,名詞,12,9
配,名詞,12,11
引き取る,動詞,12,11
公的,名詞,12,10
有す,動詞,12,12
負う,動詞,12,7
組織,名詞,12,9
赴く,動詞,12,9
優先,名詞,12,10
みる,動詞,12,10
王立,名詞,12,10
シリア,名詞,12,4
協会,名詞,12,11
紹介,名詞,12,10
スキャンダル,名詞,12,11
恐れる,動詞,12,12
兼,名詞,12,9
秘密,名詞,12,11
急逝,名詞,12,12
倒れる,動詞,12,12
日記,名詞,12,6
非難,名詞,12,8
活躍,名詞,12,8
帝室,名詞,12,5
流れる,動詞,12,12
意見,名詞,12,7
態度,名詞,12,11
継母,名詞,11,6
努力,名詞,11,10
年齢,名詞,11,11
心配,名詞,11,7
もつ,動詞,11,10
平民,名詞,11,7
女帝,名詞,11,5
孤独,名詞,11,10
マイケル,名詞,11,5
留まる,動詞,11,10
長年,名詞,11,10
サラ,名詞,11,3
怒り,名詞,11,10
向ける,動詞,11,9
おかげ,名詞,11,10
王侯,名詞,11,11
応じる,動詞,11,11
安置,名詞,11,8
幸せ,名詞,11,10
号,名詞,11,10
ユリ,名詞,11,4
家系,名詞,11,9
主人,名詞,11,9
ユリウス,名詞,11,4
ユーゴスラビア,名詞,11,7
ハミルトン,名詞,11,3
体調,名詞,11,10
海外,名詞,11,11
マント,名詞,11,6
過食,名詞,11,1
マン,名詞,11,8
疑惑,名詞,11,5
終結,名詞,11,9
騎士,名詞,11,7
先妻,名詞,11,9
国家,名詞,11,11
復活,名詞,11,9
ネーム,名詞,11,8
その他,名詞,11,11
親戚,名詞,11,10
紋章,名詞,11,3
証言,名詞,11,5
無視,名詞,11,8
合わせる,動詞,11,10
過ぎる,動詞,11,9
午後,名詞,11,3
ホーコン,名詞,11,8
義妹,名詞,11,8
情報,名詞,11,6
雑誌,名詞,11,7
きっかけ,名詞,11,8
居,名詞,11,11
裕福,名詞,11,11
両者,名詞,11,10
禁じる,動詞,11,8
軍事,名詞,11,8
バント,名詞,11,6
指名,名詞,11,9
施設,名詞,11,9
墓,名詞,11,10
総長,名詞,11,8
墓地,名詞,11,10
がち,名詞,11,9
意思,名詞,11,9
カロリー,名詞,11,11
多数,名詞,11,11
王朝,名詞,11,9
未婚,名詞,11,10
グリッド,名詞,11,2
見なす,動詞,11,10
宛てる,動詞,11,9
テレ,名詞,11,11
流行,名詞,11,10
福祉,名詞,11,10
代表,名詞,11,8
世紀,名詞,11,9
ひどい,形容詞,11,9
昭和,名詞,11,4
発見,名詞,11,7
成員,名詞,11,10
話す,動詞,11,11
手術,名詞,11,9
恋仲,名詞,11,10
オスロ,名詞,11,5
取り組む,動詞,11,6
なれる,動詞,11,10
ド,名詞,11,11
諸侯,名詞,11,9
ミゲル,名詞,11,9
立てる,動詞,11,10
経営,名詞,11,9
買う,動詞,11,10
初め,名詞,11,10
帝政,名詞,11,7
物,名詞,11,6
養子,名詞,11,8
指導,名詞,11,8
留学,名詞,11,7
浮気,名詞,10,9
存命,名詞,10,10
余生,名詞,10,10
パーク,名詞,10,4
莫大,名詞,10,10
王制,名詞,10,9
主催,名詞,10,5
ジャック,名詞,10,7
上流,名詞,10,7
なす,動詞,10,8
在位,名詞,10,8
分かる,動詞,10,4
内気,名詞,10,4
夫君,名詞,10,10
花婿,名詞,10,8
共通,名詞,10,10
憲法,名詞,10,8
悲嘆,名詞,10,9
世話,名詞,10,10
殺害,名詞,10,8
情勢,名詞,10,6
慕う,動詞,10,8
大使館,名詞,10,8
船,名詞,10,7
意味,名詞,10,10
ホテル,名詞,10,5
大,名詞,10,6
士官,名詞,10,8
記,名詞,10,3
興味,名詞,10,10
兼ねる,動詞,10,10
サロン,名詞,10,9
握る,動詞,10,10
円満,名詞,10,7
進む,動詞,10,9
団体,名詞,10,8
よい,形容詞,10,8
従う,動詞,10,10
従妹,名詞,10,10
従軍,名詞,10,10
親密,名詞,10,8
アンネ,名詞,10,6
出国,名詞,10,10
集まる,動詞,10,8
財政,名詞,10,9
出かける,動詞,10,9
エステ,名詞,10,10
圧力,名詞,10,8
作曲,名詞,10,8
深める,動詞,10,10
状況,名詞,10,7
院,名詞,10,7
フェルト,名詞,10,7
指摘,名詞,10,7
義母,名詞,10,7
寄宿,名詞,10,8
尽力,名詞,10,10
反発,名詞,10,9
助言,名詞,10,9
尊敬,名詞,10,10
野心,名詞,10,9
寄付,名詞,10,8
頻繁,名詞,10,10
ユダヤ,名詞,10,4
専攻,名詞,10,9
選挙,名詞,10,7
南,名詞,10,9
リンク,名詞,10,10
発行,名詞,10,9
リリアン,名詞,10,3
広い,形容詞,10,10
容姿,名詞,10,8
侍女,名詞,10,8
同情,名詞,10,9
有力,名詞,10,9
ロレーヌ,名詞,10,6
発作,名詞,10,10
癌,名詞,10,10
評判,名詞,10,10
末弟,名詞,10,10
寡婦,名詞,10,9
部屋,名詞,10,8
催す,動詞,10,10
交わす,動詞,10,10
危険,名詞,10,8
加える,動詞,10,9
盛大,名詞,10,9
レディ,名詞,10,10
投獄,名詞,10,7
決まる,動詞,10,8
ネパール,名詞,10,4
こなす,動詞,10,7
血友病,名詞,10,6
契約,名詞,9,7
争う,動詞,9,7
義弟,名詞,9,7
奪う,動詞,9,9
ニュース,名詞,9,6
重,名詞,9,9
取得,名詞,9,8
借金,名詞,9,7
捨てる,動詞,9,9
争い,名詞,9,8
再会,名詞,9,8
対面,名詞,9,6
異父,名詞,9,7
祝福,名詞,9,8
不安定,名詞,9,8
予想,名詞,9,8
血筋,名詞,9,7
毎年,名詞,9,9
エジプト,名詞,9,7
つもり,名詞,9,9
状,名詞,9,7
一般,名詞,9,7
ローザンヌ,名詞,9,5
筋,名詞,9,7
布告,名詞,9,8
信じる,動詞,9,9
屋敷,名詞,9,6
音楽家,名詞,9,8
締結,名詞,9,9
自然,名詞,9,7
デビュー,名詞,9,7
市内,名詞,9,8
持ち主,名詞,9,8
代わる,動詞,9,8
声,名詞,9,8
外部,名詞,9,9
至る,動詞,9,6
変わる,動詞,9,8
殺す,動詞,9,8
反乱,名詞,9,7
インド,名詞,9,7
発言,名詞,9,8
コーン,名詞,9,3
義務,名詞,9,6
新婚,名詞,9,9
選出,名詞,9,8
行動,名詞,9,7
ウォール,名詞,9,3
可愛い,形容詞,9,9
食べる,動詞,9,5
準備,名詞,9,7
歩く,動詞,9,7
記録,名詞,9,9
遺伝,名詞,9,7
領主,名詞,9,9
高まる,動詞,9,7
派遣,名詞,9,9
クリスティン,名詞,9,1
フォード,名詞,9,8
テレビ,名詞,9,5
否定,名詞,9,8
抱く,動詞,9,8
困難,名詞,9,9
人柄,名詞,9,8
同性愛,名詞,9,9
警備,名詞,9,3
激怒,名詞,9,8
婿,名詞,9,9
ベルク,名詞,9,8
同意,名詞,9,8
終える,動詞,9,5
耐える,動詞,9,8
乗る,動詞,9,6
庇護,名詞,9,9
ミル,名詞,9,7
余り,名詞,9,8
早い,形容詞,9,9
気持ち,名詞,9,5
絵画,名詞,9,8
療養,名詞,9,7
動物,名詞,9,5
暴露,名詞,9,7
探す,動詞,9,9
交渉,名詞,9,7
もたらす,動詞,9,9
ピエール,名詞,9,9
男系,名詞,9,8
運ぶ,動詞,9,7
アンドルー,名詞,9,5
環境,名詞,9,6
改正,名詞,9,9
実弟,名詞,9,9
復位,名詞,9,7
スキー,名詞,9,5
秘書,名詞,9,6
合意,名詞,9,7
迫る,動詞,9,8
委員,名詞,9,4
幽閉,名詞,9,6
エリ,名詞,9,9
司教,名詞,9,8
国教,名詞,9,7
連絡,名詞,9,8
約束,名詞,9,8
記事,名詞,8,5
占星術,名詞,8,1
モデル,名詞,8,7
ロッジ,名詞,8,6
列席,名詞,8,7
辞退,名詞,8,6
切る,動詞,8,5
付属,名詞,8,7
厳格,名詞,8,8
王冠,名詞,8,6
訴える,動詞,8,8
双方,名詞,8,5
厳しい,形容詞,8,8
訓練,名詞,8,6
熱狂,名詞,8,7
うえ,名詞,8,7
及ぶ,動詞,8,8
周年,名詞,8,8
見える,動詞,8,4
責任,名詞,8,8
用意,名詞,8,7
三女,名詞,8,8
告げる,動詞,8,7
表明,名詞,8,8
マックス,名詞,8,2
西ドイツ,名詞,8,6
親子,名詞,8,7
ラジオ,名詞,8,6
出入り,名詞,8,8
毒殺,名詞,8,8
北,名詞,8,8
訪日,名詞,8,3
気に入る,動詞,8,8
位置,名詞,8,8
同国,名詞,8,6
受賞,名詞,8,6
医療,名詞,8,6
先祖,名詞,8,8
住民,名詞,8,6
襲爵,名詞,8,5
諸国,名詞,8,7
評価,名詞,8,6
近親,名詞,8,8
交流,名詞,8,7
執筆,名詞,8,8
取り戻す,動詞,8,8
不貞,名詞,8,5
体重,名詞,8,7
混乱,名詞,8,3
生後,名詞,8,8
薨去,名詞,8,6
児,名詞,8,7
ボリス,名詞,8,3
一切,名詞,8,5
ロベルト,名詞,8,8
注ぐ,動詞,8,6
南アフリカ,名詞,8,5
ロマノフ,名詞,8,4
あいだ,名詞,8,7
戦死,名詞,8,8
改める,動詞,8,8
悩ます,動詞,8,8
患者,名詞,8,5
署名,名詞,8,7
本人,名詞,8,8
アルフレッド,名詞,8,6
デカルト,名詞,8,1
繰り返す,動詞,8,7
ヒトラー,名詞,8,4
恋人,名詞,8,7
授与,名詞,8,7
様子,名詞,8,5
嫉妬,名詞,8,6
断絶,名詞,8,7
権利,名詞,8,7
直後,名詞,8,7
築く,動詞,8,8
姓,名詞,8,7
都市,名詞,8,8
サリー,名詞,8,6
期間,名詞,8,7
とどまる,動詞,8,8
帝都,名詞,8,1
帰す,動詞,8,7
忠告,名詞,8,5
フィリップス,名詞,8,3
撮影,名詞,8,6
欠席,名詞,8,6
相当,名詞,8,7
職,名詞,8,8
祖国,名詞,8,8
ナポリ,名詞,8,4
ハイデルベルク,名詞,8,5
所属,名詞,8,7
アフリカ,名詞,8,7
発展,名詞,8,8
クリミア,名詞,8,4
達す,動詞,8,7
露,名詞,8,5
相談,名詞,8,8
キロ,名詞,8,5
打診,名詞,8,8
遠縁,名詞,8,8
ハー,名詞,8,4
慰める,動詞,8,4
領内,名詞,8,7
将校,名詞,8,6
相次ぐ,動詞,8,8
実質,名詞,8,8
実行,名詞,8,8
運営,名詞,8,7
実権,名詞,8,8
神,名詞,8,6
祝賀,名詞,8,6
除く,動詞,8,4
開始,名詞,8,8
バレエ,名詞,8,8
開催,名詞,8,6
忘れる,動詞,8,7
巡る,動詞,8,5
庭園,名詞,8,7
復帰,名詞,8,5
自殺,名詞,8,8
大衆,名詞,8,6
後援,名詞,8,8
正教会,名詞,8,7
エイズ,名詞,8,1
監禁,名詞,8,7
敗れる,動詞,8,8
飛行機,名詞,8,8
失脚,名詞,8,8
文学,名詞,8,8
大臣,名詞,8,4
セルビア,名詞,8,4
ジャーナリスト,名詞,8,4
ショック,名詞,8,6
ザール,名詞,8,6
弁護士,名詞,8,6
ジョーンズ,名詞,8,4
青年,名詞,8,8
ベラ,名詞,8,4
最高,名詞,8,6
廃止,名詞,8,8
めぐる,動詞,8,8
将軍,名詞,7,6
視,名詞,7,6
慣習,名詞,7,5
義姉,名詞,7,7
両方,名詞,7,7
リュクサンブール,名詞,7,6
結核,名詞,7,6
グレイ,名詞,7,3
領土,名詞,7,7
ケリー,名詞,7,5
貴方,名詞,7,3
両国,名詞,7,6
美術,名詞,7,6
転々,名詞,7,7
最中,名詞,7,7
一生,名詞,7,6
引き継ぐ,動詞,7,7
取り上げる,動詞,7,5
加わる,動詞,7,7
両家,名詞,7,7
スポーツ,名詞,7,6
重ねる,動詞,7,7
引き起こす,動詞,7,7
絆,名詞,7,6
別れる,動詞,7,6
寝室,名詞,7,5
別れ,名詞,7,6
弱い,形容詞,7,7
監獄,名詞,7,6
対抗,名詞,7,7
ジュール,名詞,7,6
王政,名詞,7,5
初,名詞,7,7
対象,名詞,7,6
ステ,名詞,7,7
リエ,名詞,7,7
血統,名詞,7,7
移送,名詞,7,7
児童,名詞,7,7
叙,名詞,7,6
発症,名詞,7,7
情事,名詞,7,6
一番,名詞,7,4
入り,名詞,7,7
関与,名詞,7,5
適齢,名詞,7,6
要請,名詞,7,6
反抗,名詞,7,7
分野,名詞,7,7
シンプソン,名詞,7,1
身長,名詞,7,6
ほしい,形容詞,7,4
ラ,名詞,7,7
ロ,名詞,7,6
不満,名詞,7,7
西,名詞,7,7
印象,名詞,7,6
思想,名詞,7,5
怒る,動詞,7,7
チャリティー,名詞,7,7
配慮,名詞,7,6
勢力,名詞,7,7
チェコ,名詞,7,6
資金,名詞,7,7
出会い,名詞,7,5
服装,名詞,7,5
高齢,名詞,7,7
医,名詞,7,3
維持,名詞,7,5
お気に入り,名詞,7,7
髪,名詞,7,6
午前,名詞,7,4
匿う,動詞,7,7
内容,名詞,7,7
レビ,名詞,7,1
建築,名詞,7,7
勉強,名詞,7,4
世界中,名詞,7,5
収める,動詞,7,7
トランプ,名詞,7,2
贅沢,名詞,7,6
親交,名詞,7,7
悲しむ,動詞,7,7
継続,名詞,7,7
悲しみ,名詞,7,6
居館,名詞,7,7
ルンペン,名詞,7,6
役目,名詞,7,6
直系,名詞,7,7
登場,名詞,7,7
言動,名詞,7,6
励ます,動詞,7,6
生,名詞,7,6
コンラート,名詞,7,1
コート,名詞,7,3
暮れる,動詞,7,7
共産,名詞,7,6
邦,名詞,7,6
デザイン,名詞,7,5
海岸,名詞,7,5
手元,名詞,7,7
もらう,動詞,7,6
背,名詞,7,7
交通,名詞,7,2
フォンテーヌ,名詞,7,7
比べる,動詞,7,6
隠れる,動詞,7,7
狩猟,名詞,7,7
疑う,動詞,7,7
人生,名詞,7,4
隠す,動詞,7,6
提案,名詞,7,7
提供,名詞,7,7
描く,動詞,7,7
とも,名詞,7,6
オペラ,名詞,7,6
接す,動詞,7,4
ピアノ,名詞,7,6
私生活,名詞,7,6
謁見,名詞,7,7
オーストラリア,名詞,7,3
排除,名詞,7,7
構成,名詞,7,6
進学,名詞,7,6
礼,名詞,7,5
病死,名詞,7,7
なさる,動詞,7,5
互い,名詞,7,6
新聞,名詞,7,6
施す,動詞,7,6
真実,名詞,7,3
問う,動詞,7,6
祖先,名詞,7,4
症状,名詞,7,6
低い,形容詞,7,6
今度,名詞,7,7
カンタベリー,名詞,7,7
異常,名詞,7,7
飾る,動詞,7,5
外孫,名詞,7,7
変える,動詞,7,7
舞台,名詞,7,5
声明,名詞,7,4
ただ,名詞,7,7
墺,名詞,7,7
知事,名詞,7,4
大きい,形容詞,7,7
だす,動詞,7,6
退去,名詞,7,6
大半,名詞,7,6
会員,名詞,7,5
会見,名詞,7,4
会話,名詞,7,7
歌,名詞,7,6
知性,名詞,7,7
通じる,動詞,7,7
ウッド,名詞,7,2
伝記,名詞,7,6
追悼,名詞,7,5
その間,名詞,7,7
失望,名詞,7,7
腕,名詞,7,5
介入,名詞,7,6
つとめる,動詞,7,7
地域,名詞,7,7
母子,名詞,7,7
フリート,名詞,7,1
フランドル,名詞,7,6
検討,名詞,7,7
銀行,名詞,7,6
主教,名詞,7,7
同日,名詞,7,7
ハス,名詞,7,3
払う,動詞,7,6
側近,名詞,7,5
同棲,名詞,7,7
モハメド,名詞,7,1
看病,名詞,7,6
家門,名詞,7,6
ハイム,名詞,7,6
植民,名詞,7,6
試みる,動詞,7,6
家柄,名詞,7,5
込める,動詞,7,7
キス,名詞,7,4
祖父母,名詞,7,7
率いる,動詞,7,7
玄孫,名詞,7,6
聖書,名詞,7,4
乗馬,名詞,7,7
家督,名詞,7,7
含める,動詞,7,6
傍系,名詞,7,7
拒絶,名詞,7,5
会長,名詞,6,5
知的,名詞,6,6
親しむ,動詞,6,6
放蕩,名詞,6,4
扱う,動詞,6,5
無くなる,動詞,6,3
質素,名詞,6,6
ウラジーミル,名詞,6,2
承諾,名詞,6,6
診察,名詞,6,5
乗り気,名詞,6,5
紛争,名詞,6,5
傲慢,名詞,6,6
わかる,動詞,6,6
改善,名詞,6,6
数々,名詞,6,6
拡大,名詞,6,6
中立,名詞,6,6
ジャーナリズム,名詞,6,3
教,名詞,6,5
看取る,動詞,6,6
許し,名詞,6,5
初期,名詞,6,6
初孫,名詞,6,5
生きる,動詞,6,6
強制,名詞,6,5
戦時,名詞,6,5
強引,名詞,6,6
敗戦,名詞,6,6
旧名,名詞,6,6
列車,名詞,6,3
イングリッド,名詞,6,4
付き,名詞,6,5
手腕,名詞,6,5
見込み,名詞,6,6
称賛,名詞,6,5
当局,名詞,6,5
救出,名詞,6,4
件,名詞,6,6
教授,名詞,6,4
視察,名詞,6,2
アーネスト,名詞,6,4
徳,名詞,6,3
ウェディング,名詞,6,4
クロアチア,名詞,6,3
出奔,名詞,6,3
精力,名詞,6,6
あだ名,名詞,6,6
演説,名詞,6,4
祝宴,名詞,6,6
日生,名詞,6,2
答える,動詞,6,4
隊,名詞,6,2
溺愛,名詞,6,6
無言,名詞,6,1
性的,名詞,6,6
確認,名詞,6,6
兵士,名詞,6,4
現れる,動詞,6,5
話せる,動詞,6,6
立ち会う,動詞,6,6
相応しい,形容詞,6,6
挙行,名詞,6,5
世論,名詞,6,3
促す,動詞,6,5
保守,名詞,6,6
湖畔,名詞,6,6
俳優,名詞,6,5
二女,名詞,6,6
章,名詞,6,4
修了,名詞,6,4
カーネギー,名詞,6,2
日々,名詞,6,4
事情,名詞,6,6
ガリ,名詞,6,3
警察,名詞,6,3
神学,名詞,6,6
冠す,動詞,6,6
証拠,名詞,6,4
目立つ,動詞,6,6
今後,名詞,6,3
コレクション,名詞,6,6
抱える,動詞,6,6
冷淡,名詞,6,6
キエフ,名詞,6,1
仁,名詞,6,3
慣れる,動詞,6,5
エラ,名詞,6,3
文書,名詞,6,4
支払う,動詞,6,5
貴婦人,名詞,6,6
長期,名詞,6,5
讃える,動詞,6,6
明かす,動詞,6,5
賓客,名詞,6,4
解任,名詞,6,4
明るい,形容詞,6,6
破局,名詞,6,4
料,名詞,6,5
意識,名詞,6,6
不明,名詞,6,6
貴女,名詞,6,1
私的,名詞,6,6
段階,名詞,6,5
教会堂,名詞,6,3
ナチ,名詞,6,4
生存,名詞,6,5
トー,名詞,6,5
小説,名詞,6,5
美男,名詞,6,4
衝撃,名詞,6,6
ビラ,名詞,6,3
願う,動詞,6,5
病む,動詞,6,5
取り決める,動詞,6,6
肺結核,名詞,6,5
リッチモンド,名詞,6,5
嫌悪,名詞,6,6
ドル,名詞,6,5
行なう,動詞,6,6
驚く,動詞,6,5
リー,名詞,6,5
軍艦,名詞,6,6
気付く,動詞,6,4
テロ,名詞,6,2
配偶,名詞,6,5
巻き込む,動詞,6,6
巨額,名詞,6,5
活発,名詞,6,6
洗練,名詞,6,6
部分,名詞,6,5
機会,名詞,6,6
遺児,名詞,6,5
民衆,名詞,6,3
友達,名詞,6,3
デル,名詞,6,6
遺骨,名詞,6,5
国境,名詞,6,5
トラップ,名詞,6,1
肺炎,名詞,6,6
パーティ,名詞,6,3
フラット,名詞,6,2
専念,名詞,6,6
華やか,名詞,6,6
家名,名詞,6,5
植物,名詞,6,4
癖,名詞,6,5
遇,名詞,6,6
案内,名詞,6,2
落ち着く,動詞,6,6
実,名詞,6,6
名目,名詞,6,6
過去,名詞,6,5
呼称,名詞,6,3
騎兵,名詞,6,4
メンバー,名詞,6,3
決意,名詞,6,5
呼び寄せる,動詞,6,6
ハンス,名詞,6,6
ハワード,名詞,6,4
枢密院,名詞,6,5
密か,名詞,6,6
近衛,名詞,6,5
可愛がる,動詞,6,6
対照,名詞,6,6
史,名詞,6,5
寝る,動詞,6,4
富豪,名詞,6,5
孤立,名詞,6,6
学位,名詞,6,5
同伴,名詞,6,5
男女,名詞,6,6
極秘,名詞,6,2
ノーベル,名詞,6,4
見方,名詞,6,5
生誕,名詞,6,3
派手,名詞,6,6
反す,動詞,6,6
帯びる,動詞,6,6
奔走,名詞,6,6
幾度,名詞,6,5
床,名詞,6,5
正教,名詞,6,5
絶える,動詞,6,6
座る,動詞,6,5
廃,名詞,6,6
つき,名詞,6,6
ブロー,名詞,6,6
統合,名詞,6,6
統一,名詞,6,5
追跡,名詞,6,1
自動車,名詞,6,4
報告,名詞,6,6
プラハ,名詞,6,4
大司教,名詞,6,5
助ける,動詞,6,4
変更,名詞,6,4
劇場,名詞,6,6
死刑,名詞,6,3
高校,名詞,6,4
弟妹,名詞,6,6
刻む,動詞,6,6
自覚,名詞,6,6
やってくる,動詞,6,5
増える,動詞,6,4
赴任,名詞,6,6
養女,名詞,6,6
幼年,名詞,6,6
ブランド,名詞,6,4
ローマ帝国,名詞,6,6
在学,名詞,6,5
複数,名詞,6,6
在住,名詞,6,6
半分,名詞,6,6
通称,名詞,6,5
化粧,名詞,6,4
かねる,動詞,6,6
重傷,名詞,6,5
年長,名詞,6,6
学問,名詞,5,3
機関,名詞,5,4
詩,名詞,5,4
文芸,名詞,5,4
救う,動詞,5,4
啓蒙,名詞,5,3
航空,名詞,5,4
女系,名詞,5,2
改名,名詞,5,5
任せる,動詞,5,5
指揮,名詞,5,5
疎遠,名詞,5,5
族,名詞,5,4
企む,動詞,5,4
敬愛,名詞,5,5
信頼,名詞,5,5
措置,名詞,5,5
肉体,名詞,5,3
押し切る,動詞,5,5
変化,名詞,5,2
実子,名詞,5,5
国連,名詞,5,5
文献,名詞,5,4
知らせる,動詞,5,4
死因,名詞,5,5
聞き入れる,動詞,5,4
敗北,名詞,5,3
特免,名詞,5,4
命,名詞,5,4
能力,名詞,5,4
定住,名詞,5,4
田舎,名詞,5,5
命日,名詞,5,5
女の子,名詞,5,4
脱出,名詞,5,5
和平,名詞,5,5
物語,名詞,5,3
欲しい,形容詞,5,5
夢,名詞,5,4
安定,名詞,5,5
肺,名詞,5,4
自動的,名詞,5,4
推す,動詞,5,4
樹立,名詞,5,5
短い,形容詞,5,5
図る,動詞,5,5
苦境,名詞,5,4
国会,名詞,5,3
破棄,名詞,5,4
接する,動詞,5,4
控えめ,名詞,5,4
短期間,名詞,5,5
実業,名詞,5,5
横,名詞,5,4
改装,名詞,5,5
短気,名詞,5,4
奉仕,名詞,5,3
契機,名詞,5,4
料理,名詞,5,2
破綻,名詞,5,5
推進,名詞,5,5
侍医,名詞,5,5
気候,名詞,5,5
熱烈,名詞,5,5
振る,動詞,5,2
指示,名詞,5,4
独り暮らし,名詞,5,1
姉たち,名詞,5,5
喪失,名詞,5,5
堅苦しい,形容詞,5,5
止める,動詞,5,4
基金,名詞,5,5
嘆く,動詞,5,5
数学,名詞,5,5
確信,名詞,5,2
振る舞い,名詞,5,5
色,名詞,5,4
基本,名詞,5,3
正統,名詞,5,4
次期,名詞,5,5
回想,名詞,5,5
着く,動詞,5,5
攻撃,名詞,5,5
抵抗,名詞,5,5
強める,動詞,5,5
実父,名詞,5,4
再開,名詞,5,4
目指す,動詞,5,5
得意,名詞,5,4
襲撃,名詞,5,5
目的,名詞,5,5
普通,名詞,5,4
心理,名詞,5,3
幼児,名詞,5,5
包囲,名詞,5,4
普,名詞,5,5
有利,名詞,5,3
冷める,動詞,5,5
帽子,名詞,5,3
半年,名詞,5,5
緊張,名詞,5,5
後半,名詞,5,5
帰化,名詞,5,5
師事,名詞,5,5
裏,名詞,5,3
篤い,形容詞,5,5
危惧す,動詞,5,4
未成年,名詞,5,4
崩す,動詞,5,5
恐怖,名詞,5,4
罪,名詞,5,5
競技,名詞,5,2
属する,動詞,5,5
友好,名詞,5,5
深刻,名詞,5,5
生き残る,動詞,5,3
待つ,動詞,5,4
宣告,名詞,5,4
引っ越す,動詞,5,4
利用,名詞,5,4
利益,名詞,5,5
判決,名詞,5,4
判明,名詞,5,5
判断,名詞,5,5
強まる,動詞,5,3
強いる,動詞,5,5
結び,名詞,5,5
制作,名詞,5,5
則る,動詞,5,4
見合い,名詞,5,4
書簡,名詞,5,5
見舞う,動詞,5,4
副官,名詞,5,4
動かす,動詞,5,4
引き離す,動詞,5,5
分析,名詞,5,3
当日,名詞,5,5
曲,名詞,5,5
暴動,名詞,5,3
廷臣,名詞,5,5
努める,動詞,5,5
暴力,名詞,5,5
労働,名詞,5,5
出自,名詞,5,3
出発,名詞,5,5
要人,名詞,5,4
勅,名詞,5,5
悟る,動詞,5,4
生前,名詞,5,4
屈辱,名詞,5,2
禁止,名詞,5,5
対,名詞,5,4
称える,動詞,5,3
旨,名詞,5,3
合流,名詞,5,5
寄り,名詞,5,5
兄たち,名詞,5,5
治める,動詞,5,4
容疑,名詞,5,5
元帥,名詞,5,5
没落,名詞,5,4
耳,名詞,5,4
同調,名詞,5,5
優しい,形容詞,5,3
儀式,名詞,5,4
罹患,名詞,5,5
祭,名詞,5,4
名付け親,名詞,5,5
傷つく,動詞,5,3
債権,名詞,5,2
投票,名詞,5,4
療法,名詞,5,2
抗議,名詞,5,5
備える,動詞,5,5
名代,名詞,5,3
傀儡,名詞,5,5
名門,名詞,5,4
宣戦,名詞,5,4
決定的,名詞,5,4
史上,名詞,5,4
発生,名詞,5,4
来歴,名詞,5,5
血縁,名詞,5,5
温かい,形容詞,5,4
湖,名詞,5,5
尽くす,動詞,5,4
少年,名詞,5,3
少ない,形容詞,5,5
美女,名詞,5,5
収集,名詞,5,5
衣装,名詞,5,3
美智子,名詞,5,2
取り仕切る,動詞,5,5
意,名詞,5,5
街,名詞,5,5
珍しい,形容詞,5,5
意図,名詞,5,4
意志,名詞,5,5
取り巻き,名詞,5,5
王権,名詞,5,4
行為,名詞,5,4
託す,動詞,5,4
群衆,名詞,5,2
演奏,名詞,5,4
穏やか,名詞,5,4
入院,名詞,5,4
慰め,名詞,5,4
射殺,名詞,5,5
専門,名詞,5,5
専用,名詞,5,3
容貌,名詞,5,5
特権,名詞,5,5
食事,名詞,5,5
事前,名詞,5,4
シモン,名詞,5,2
ホワイト,名詞,5,3
カトマンズ,名詞,5,3
退院,名詞,5,5
ローン,名詞,5,2
カリン,名詞,5,1
魅了,名詞,5,5
選手,名詞,5,5
パパ,名詞,5,3
ペニー,名詞,5,1
隠棲,名詞,5,5
ン,名詞,5,4
逃げる,動詞,5,4
カンヌ,名詞,5,5
ベリー,名詞,5,3
ナット,名詞,5,1
遠征,名詞,5,3
豊か,名詞,5,5
乱,名詞,5,4
ヘル,名詞,5,5
トン,名詞,5,3
退ける,動詞,5,4
身ごもる,動詞,5,5
身体,名詞,5,5
いとこ,名詞,5,5
やる,動詞,5,5
ルパート,名詞,5,4
マンハイム,名詞,5,4
返上,名詞,5,2
やめる,動詞,5,5
部隊,名詞,5,4
迫害,名詞,5,4
オタワ,名詞,5,2
述懐,名詞,5,5
ジフテリア,名詞,5,5
錯乱,名詞,5,3
録,名詞,5,5
オックスフォード大学,名詞,5,4
おく,動詞,5,5
追い出す,動詞,5,5
議員,名詞,5,5
順,名詞,5,5
ボート,名詞,5,2
逃亡,名詞,5,5
距離,名詞,5,5
頼る,動詞,5,5
ブルターニュ,名詞,5,4
三昧,名詞,5,5
上げる,動詞,5,5
貢献,名詞,5,5
貧しい,形容詞,5,5
コンサート,名詞,5,5
阻止,名詞,5,3
開会,名詞,5,4
ピーター,名詞,5,2
関連,名詞,5,5
不在,名詞,5,5
そば,名詞,5,4
連邦,名詞,5,5
週末,名詞,5,4
間の子,名詞,5,3
不安,名詞,5,4
賛成,名詞,5,4
グループ,名詞,5,4
間違い,名詞,5,5
しきたり,名詞,5,3
通る,動詞,5,5
限る,動詞,5,4
除去,名詞,5,1
ともなう,動詞,5,4
プロヴァンス,名詞,5,4
逆,名詞,5,5
乗り込む,動詞,5,3
足,名詞,5,4
違法,名詞,5,5
一時期,名詞,5,5
高等,名詞,5,5
ガーター,名詞,5,4
ネス,名詞,5,3
乗せる,動詞,5,4
なくなる,動詞,5,5
院長,名詞,5,5
かまえる,動詞,5,5
願い,名詞,5,4
高位,名詞,5,5
途中,名詞,5,5
負傷,名詞,5,5
主導,名詞,5,4
顧問,名詞,5,4
軟禁,名詞,5,5
譲る,動詞,5,5
醜聞,名詞,5,5
ランド,名詞,5,3
難民,名詞,5,5
リックス,名詞,5,5
諦める,動詞,5,5
他人,名詞,5,3
リヒテンシュタイン,名詞,5,2
ライン,名詞,5,4
インフルエンザ,名詞,5,5
ダニエル,名詞,5,3
重病,名詞,5,5
ミドル,名詞,5,3
セーヌ,名詞,5,5
露見,名詞,5,4
重なる,動詞,5,4
ヨ,名詞,5,4
アカデミー,名詞,5,4
迎賓館,名詞,5,1
ストレス,名詞,5,1
モラル,名詞,5,2
モンテカルロ,名詞,5,4
ラッチ,名詞,5,3
センター,名詞,5,5
付き合う,動詞,5,3
あげる,動詞,5,3
エステル,名詞,5,2
転落,名詞,5,5
仕事,名詞,5,4
スクール,名詞,5,5
各地,名詞,4,4
ブライトン,名詞,4,2
走る,動詞,4,4
正当,名詞,4,4
欠ける,動詞,4,4
ブリ,名詞,4,4
赤軍,名詞,4,4
上手い,形容詞,4,4
科,名詞,4,3
手伝う,動詞,4,4
奔放,名詞,4,4
手放す,動詞,4,4
アルゼンチン,名詞,4,4
私生児,名詞,4,4
つながり,名詞,4,4
ギャンブル,名詞,4,4
クイーン,名詞,4,3
手当,名詞,4,3
歌手,名詞,4,4
飛ぶ,動詞,4,2
衝突,名詞,4,3
見張る,動詞,4,4
膨大,名詞,4,4
一目,名詞,4,4
越える,動詞,4,4
概要,名詞,4,4
見つける,動詞,4,4
病弱,名詞,4,4
超える,動詞,4,4
前日,名詞,4,4
病室,名詞,4,1
矢先,名詞,4,4
前年,名詞,4,4
モンテネグロ,名詞,4,3
既婚,名詞,4,4
大王,名詞,4,4
キャリア,名詞,4,2
前例,名詞,4,4
アルコール,名詞,4,4
散歩,名詞,4,4
模様,名詞,4,4
風,名詞,4,4
敬意,名詞,4,4
キャンペーン,名詞,4,2
陛下,名詞,4,2
とめる,動詞,4,4
正殿,名詞,4,2
キリスト,名詞,4,3
見守る,動詞,4,3
起因,名詞,4,4
一説,名詞,4,4
司式,名詞,4,3
ブレア,名詞,4,1
秩父宮,名詞,4,2
虐待,名詞,4,3
冷遇,名詞,4,4
冷たい,形容詞,4,3
首長,名詞,4,4
観戦,名詞,4,3
種痘,名詞,4,2
断念,名詞,4,2
嫌,名詞,4,2
アンドリュー,名詞,4,2
ヒュー,名詞,4,2
観劇,名詞,4,3
慣例,名詞,4,4
同妃,名詞,4,4
首席,名詞,4,3
同地,名詞,4,4
婚家,名詞,4,4
香港,名詞,4,1
解ける,動詞,4,4
処遇,名詞,4,4
馬術,名詞,4,3
進言,名詞,4,3
間柄,名詞,4,4
パラリンピック,名詞,4,3
孤児,名詞,4,4
同月,名詞,4,4
パレード,名詞,4,4
感想,名詞,4,2
民事,名詞,4,4
気づく,動詞,4,4
冊,名詞,4,4
子育て,名詞,4,3
同時,名詞,4,4
馬,名詞,4,3
民族,名詞,4,3
憎む,動詞,4,3
出,名詞,4,4
瞬く,動詞,4,4
フォーブス,名詞,4,2
親切,名詞,4,4
戦う,動詞,4,3
脚注,名詞,4,4
異なる,動詞,4,4
フィールド,名詞,4,4
親,名詞,4,4
覚える,動詞,4,4
クリスティ,名詞,4,4
食べ物,名詞,4,3
眠る,動詞,4,4
脳,名詞,4,4
大叔母,名詞,4,4
戻す,動詞,4,3
新郎,名詞,4,4
戦,名詞,4,4
歴代,名詞,4,4
同君,名詞,4,3
たつ,動詞,4,4
親権,名詞,4,1
憎悪,名詞,4,4
ピエモンテ,名詞,4,4
程度,名詞,4,4
背景,名詞,4,3
程,名詞,4,4
同乗,名詞,4,4
質問,名詞,4,1
懇願,名詞,4,3
ファ,名詞,4,4
始め,名詞,4,4
成婚,名詞,4,4
クリントン,名詞,4,3
敵対,名詞,4,4
日常,名詞,4,4
イメージ,名詞,4,4
病状,名詞,4,2
地理,名詞,4,4
国費,名詞,4,4
有する,動詞,4,4
行政,名詞,4,4
追いかける,動詞,4,4
マス,名詞,4,3
皆,名詞,4,4
在任,名詞,4,4
控える,動詞,4,4
危機,名詞,4,3
地中海,名詞,4,2
地元,名詞,4,4
地区,名詞,4,4
若年,名詞,4,4
占める,動詞,4,3
追い落とす,動詞,4,4
苦しい,形容詞,4,4
確保,名詞,4,4
望める,動詞,4,4
まるい,形容詞,4,1
掌握,名詞,4,3
商人,名詞,4,4
確執,名詞,4,4
補佐,名詞,4,4
白い,形容詞,4,3
取材,名詞,4,2
険悪,名詞,4,4
近づく,動詞,4,2
花,名詞,4,4
確実,名詞,4,4
哀悼,名詞,4,2
レース,名詞,4,4
被害,名詞,4,3
ムード,名詞,4,4
困窮,名詞,4,4
支給,名詞,4,4
回る,動詞,4,4
盧,名詞,4,4
収拾,名詞,4,3
撮る,動詞,4,3
支部,名詞,4,1
荘,名詞,4,2
因,名詞,4,4
エル,名詞,4,4
目当て,名詞,4,4
静か,名詞,4,4
反撃,名詞,4,3
喪,名詞,4,4
携わる,動詞,4,4
ルー,名詞,4,4
取り決め,名詞,4,4
ルーズベルト,名詞,4,2
曽,名詞,4,3
喧嘩,名詞,4,4
友情,名詞,4,4
替わる,動詞,4,4
及ぼす,動詞,4,4
苦労,名詞,4,4
皮肉,名詞,4,3
苦しめる,動詞,4,4
喝采,名詞,4,3
衰弱,名詞,4,4
最期,名詞,4,3
揃う,動詞,4,2
改定,名詞,4,4
ボランティア,名詞,4,4
ボディーガード,名詞,4,2
一環,名詞,4,4
一子,名詞,4,4
校長,名詞,4,4
動き,名詞,4,2
ベッド,名詞,4,4
救急,名詞,4,2
勅許,名詞,4,3
味方,名詞,4,4
自邸,名詞,4,4
拘束,名詞,4,2
外遊,名詞,4,3
頼む,動詞,4,4
多大,名詞,4,4
救貧,名詞,4,2
祝い,名詞,4,4
離す,動詞,4,3
担当,名詞,4,4
枢軸,名詞,4,3
多額,名詞,4,4
蜂起,名詞,4,1
痛手,名詞,4,4
痛める,動詞,4,4
離別,名詞,4,3
落胆,名詞,4,4
離宮,名詞,4,4
著しい,形容詞,4,4
ガブリエラ,名詞,4,2
囁く,動詞,4,3
著作,名詞,4,4
功績,名詞,4,4
モロッコ,名詞,4,4
プレッシャー,名詞,4,2
外れる,動詞,4,3
呼び名,名詞,4,3
半,名詞,4,4
ひく,動詞,4,4
振る舞う,動詞,4,4
追認,名詞,4,4
ホール,名詞,4,3
カジノ,名詞,4,3
直接,名詞,4,4
ローブ,名詞,4,4
ローレンス,名詞,4,2
北部,名詞,4,4
発覚,名詞,4,4
受諾,名詞,4,4
増やす,動詞,4,4
和,名詞,4,3
命令,名詞,4,4
頭,名詞,4,3
勲一等,名詞,4,2
陥る,動詞,4,4
故郷,名詞,4,4
カレッジ,名詞,4,4
発揮,名詞,4,4
知人,名詞,4,3
持ち込む,動詞,4,4
転居,名詞,4,4
明仁,名詞,4,2
舞い込む,動詞,4,4
板挟み,名詞,4,4
売却,名詞,4,4
持ち上がる,動詞,4,4
拠点,名詞,4,4
ラテン語,名詞,4,4
ベル,名詞,4,4
空軍,名詞,4,4
難色,名詞,4,4
育ち,名詞,4,4
伝わる,動詞,4,4
かなり,名詞,4,3
簒奪,名詞,4,4
思いやり,名詞,4,4
献身,名詞,4,4
儀,名詞,4,2
習得,名詞,4,4
席次,名詞,4,3
引見,名詞,4,2
像,名詞,4,3
体制,名詞,4,3
思い,名詞,4,3
翌日,名詞,4,4
傾向,名詞,4,4
銀,名詞,4,4
チャペル,名詞,4,4
察知,名詞,4,3
忠実,名詞,4,3
謳う,動詞,4,4
寵臣,名詞,4,3
銃殺,名詞,4,4
人種,名詞,4,3
ニース,名詞,4,4
象徴,名詞,4,4
遠い,形容詞,4,4
サークル,名詞,4,3
浮名,名詞,4,3
対応,名詞,4,4
献花,名詞,4,1
許嫁,名詞,4,4
違反,名詞,4,4
結びつく,動詞,4,4
害す,動詞,4,3
法廷,名詞,4,4
スピーチ,名詞,4,4
家事,名詞,4,3
訪ねる,動詞,4,3
黒人,名詞,4,2
コール,名詞,4,1
平成,名詞,4,2
諸島,名詞,4,3
生家,名詞,4,4
タール,名詞,4,2
ハワイ,名詞,4,1
道路,名詞,4,4
寄贈,名詞,4,4
注意,名詞,4,4
帰還,名詞,4,4
設ける,動詞,4,4
長身,名詞,4,4
考え方,名詞,4,3
きく,動詞,4,4
兄妹,名詞,4,4
負担,名詞,4,2
主宰,名詞,4,4
醜い,形容詞,4,4
長生き,名詞,4,4
ノルマンディー,名詞,4,3
浴びる,動詞,4,4
お腹,名詞,4,2
チャーチル,名詞,4,3
居住,名詞,4,4
認知,名詞,4,4
少佐,名詞,4,4
二男,名詞,4,4
トワ,名詞,4,3
工事,名詞,4,2
少尉,名詞,4,4
現す,動詞,4,3
うまい,形容詞,4,4
使用人,名詞,4,3
トリエステ,名詞,4,3
デザイナー,名詞,4,2
シートベルト,名詞,4,1
える,動詞,4,4
工場,名詞,4,3
保,名詞,4,4
待遇,名詞,4,4
後継ぎ,名詞,4,4
誇る,動詞,4,4
属す,動詞,4,3
届,名詞,4,3
罹る,動詞,4,4
後年,名詞,4,4
後妻,名詞,4,4
展開,名詞,4,2
鎮圧,名詞,4,3
王座,名詞,4,3
満足,名詞,4,4
美術館,名詞,4,4
長寿,名詞,4,4
心得る,動詞,4,4
無事,名詞,4,3
系統,名詞,4,4
停止,名詞,4,4
消極,名詞,4,3
差別,名詞,4,4
系譜,名詞,4,4
涙,名詞,4,4
シェーン,名詞,4,2
為,名詞,4,2
ナイト,名詞,4,4
炎,名詞,4,3
長命,名詞,4,4
郷里,名詞,4,4
左右,名詞,4,4
義,名詞,4,2
誓う,動詞,4,2
試験,名詞,4,3
縁組み,名詞,4,4
減らす,動詞,4,3
詩人,名詞,4,4
修正,名詞,4,3
シドニー,名詞,4,2
温暖,名詞,4,4
当地,名詞,4,4
港,名詞,4,4
小姓,名詞,4,3
法定,名詞,4,3
元首,名詞,4,4
価値,名詞,4,4
狙う,動詞,4,4
建つ,動詞,4,4
悼む,動詞,4,3
愛する,動詞,4,4
バルコニー,名詞,4,4
悲惨,名詞,4,4
没収,名詞,4,3
幼,名詞,4,4
継,名詞,4,3
バハマ,名詞,4,1
コルフ島,名詞,4,4
金銭,名詞,4,3
中国,名詞,4,3
広大,名詞,4,3
宗派,名詞,4,3
聖職,名詞,4,3
守護,名詞,4,2
水泳,名詞,4,3
産まれる,動詞,4,4
タイトル,名詞,4,2
コロナ,名詞,4,4
申し出る,動詞,4,4
スロバキア,名詞,4,3
仲介,名詞,4,4
産褥,名詞,4,4
言語,名詞,4,4
バーバラ,名詞,4,2
庁,名詞,4,4
広がる,動詞,4,4
惹く,動詞,4,4
庶出,名詞,4,4
仲裁,名詞,4,3
この間,名詞,4,4
想像,名詞,4,4
宛,名詞,4,3
世間,名詞,4,4
公開,名詞,4,4
愚か,名詞,4,3
共,名詞,4,4
責務,名詞,4,3
延期,名詞,4,4
公園,名詞,4,4
情熱,名詞,4,3
責める,動詞,4,4
バチカン,名詞,4,4
絶対,名詞,4,3
聖歌,名詞,4,2
継嗣,名詞,4,4
閉じる,動詞,4,4
不自由,名詞,4,2
肥満,名詞,4,4
不義,名詞,4,4
党派,名詞,4,4
悩む,動詞,4,4
触れる,動詞,4,4
絶え間,名詞,4,4
兵,名詞,4,4
客死,名詞,4,4
年明け,名詞,4,3
あまり,名詞,4,4
宣教師,名詞,4,1
くださる,動詞,4,2
逸話,名詞,4,4
気管支炎,名詞,4,4
他界,名詞,4,4
センチ,名詞,4,2
令,名詞,4,4
学生,名詞,4,3
会談,名詞,4,3
客,名詞,4,4
縁,名詞,3,3
断つ,動詞,3,3
序列,名詞,3,3
差,名詞,3,3
辞職,名詞,3,2
追いやる,動詞,3,3
名づける,動詞,3,3
敷地,名詞,3,3
後ろ,名詞,3,3
困る,動詞,3,3
搬送,名詞,3,3
属,名詞,3,2
敷く,動詞,3,3
地主,名詞,3,3
囲う,動詞,3,3
セルゲイ,名詞,3,3
マルタ,名詞,3,3
縁づく,動詞,3,3
地下,名詞,3,3
囲む,動詞,3,3
敵,名詞,3,3
テープ,名詞,3,2
随行,名詞,3,3
破る,動詞,3,3
文化財,名詞,3,3
マスター,名詞,3,3
同然,名詞,3,3
文句,名詞,3,3
掲げる,動詞,3,1
絶大,名詞,3,3
文筆,名詞,3,3
巡礼,名詞,3,2
辛辣,名詞,3,3
アンドレ,名詞,3,3
テニス,名詞,3,2
アンド,名詞,3,3
川,名詞,3,3
掴む,動詞,3,2
国葬,名詞,3,2
テン,名詞,3,3
返還,名詞,3,3
返礼,名詞,3,3
アントニオ,名詞,3,2
広場,名詞,3,2
推戴,名詞,3,3
推測,名詞,3,3
国立,名詞,3,3
圏,名詞,3,3
広告,名詞,3,3
苦手,名詞,3,3
形式,名詞,3,3
素晴らしい,形容詞,3,3
座席,名詞,3,2
破傷風,名詞,3,3
隠居,名詞,3,3
国務,名詞,3,3
際立つ,動詞,3,3
薄い,形容詞,3,2
提出,名詞,3,3
終焉,名詞,3,3
年のうち,名詞,3,3
差し向ける,動詞,3,2
結論,名詞,3,2
引き上げる,動詞,3,3
雇う,動詞,3,3
華麗,名詞,3,2
ストラスブール,名詞,3,3
釣り合い,名詞,3,3
知識,名詞,3,3
緊急,名詞,3,2
放任,名詞,3,3
商,名詞,3,2
金額,名詞,3,1
帰宅,名詞,3,2
後任,名詞,3,3
放つ,動詞,3,3
エカテリーナ,名詞,3,3
近年,名詞,3,3
年頃,名詞,3,3
ミヒャエル,名詞,3,3
集中,名詞,3,3
著名,名詞,3,3
スパイ,名詞,3,3
引き続く,動詞,3,3
ウェイ,名詞,3,2
周り,名詞,3,3
あう,動詞,3,3
落とす,動詞,3,3
引き受ける,動詞,3,3
メーカー,名詞,3,2
平等,名詞,3,2
タブロイド,名詞,3,3
周辺,名詞,3,3
イン,名詞,3,3
敏感,名詞,3,3
モスクワ,名詞,3,2
タスマニア,名詞,3,1
イースト,名詞,3,3
結び付ける,動詞,3,3
教え,名詞,3,3
ウイルス,名詞,3,3
引き渡す,動詞,3,3
政界,名詞,3,1
落ち着き,名詞,3,3
ダウ,名詞,3,3
集め,名詞,3,2
ジュネーブ,名詞,3,1
著者,名詞,3,2
強硬,名詞,3,3
擁護,名詞,3,2
四男,名詞,3,3
セカンド,名詞,3,3
メートル,名詞,3,3
強要,名詞,3,3
研究所,名詞,3,2
砕く,動詞,3,2
経つ,動詞,3,1
ジュー,名詞,3,3
回顧,名詞,3,3
弾圧,名詞,3,3
野戦,名詞,3,3
撤回,名詞,3,3
数少ない,形容詞,3,3
英雄,名詞,3,3
巻き起こす,動詞,3,2
名実,名詞,3,3
絵,名詞,3,3
幼稚園,名詞,3,2
囚,名詞,3,3
センス,名詞,3,2
向上,名詞,3,3
改築,名詞,3,3
改称,名詞,3,3
酷い,形容詞,3,3
否,名詞,3,2
帰り,名詞,3,3
帯,名詞,3,2
イット,名詞,3,1
席上,名詞,3,3
幸運,名詞,3,3
絶頂,名詞,3,3
集い,名詞,3,2
経由,名詞,3,3
チェンバロ,名詞,3,2
改修,名詞,3,2
重態,名詞,3,3
支族,名詞,3,2
噛む,動詞,3,2
教養,名詞,3,3
回す,動詞,3,3
増す,動詞,3,3
屋根,名詞,3,2
笑顔,名詞,3,2
奇跡,名詞,3,3
通学,名詞,3,2
奏者,名詞,3,3
降嫁,名詞,3,3
通牒,名詞,3,1
ハンプトン,名詞,3,2
過熱,名詞,3,2
ハーン,名詞,3,1
コース,名詞,3,3
降伏,名詞,3,2
息苦しい,形容詞,3,2
ギルド,名詞,3,2
降りる,動詞,3,2
通過,名詞,3,3
フランシス,名詞,3,3
宣伝,名詞,3,3
戦闘,名詞,3,3
戦線,名詞,3,3
立証,名詞,3,3
実践,名詞,3,2
防ぐ,動詞,3,2
奴隷,名詞,3,1
戦場,名詞,3,3
奇行,名詞,3,2
腰,名詞,3,3
クリ,名詞,3,3
ブカレスト,名詞,3,3
急ぐ,動詞,3,2
急増,名詞,3,2
管理,名詞,3,3
大通り,名詞,3,3
サナトリウム,名詞,3,1
打つ,動詞,3,3
臣下,名詞,3,3
大陸,名詞,3,3
打ちのめす,動詞,3,3
キレ,名詞,3,3
膜,名詞,3,2
手配,名詞,3,2
考慮,名詞,3,3
太る,動詞,3,2
ハリウッド,名詞,3,2
性質,名詞,3,3
恐れ,名詞,3,3
ブラウン,名詞,3,3
ブダペスト,名詞,3,3
限り,名詞,3,3
家政,名詞,3,3
腹心,名詞,3,3
私物,名詞,3,2
戦前,名詞,3,3
立て続け,名詞,3,3
臨時,名詞,3,2
ゲシュタポ,名詞,3,3
パ,名詞,3,3
ビクトリア,名詞,3,3
嫌がらせ,名詞,3,3
安泰,名詞,3,2
遅い,形容詞,3,3
安全,名詞,3,3
嫌がる,動詞,3,2
嫌疑,名詞,3,2
肋膜炎,名詞,3,3
安い,形容詞,3,3
嫡男,名詞,3,2
肌,名詞,3,3
嬢,名詞,3,2
進展,名詞,3,3
慈悲,名詞,3,2
感銘,名詞,3,3
愛国,名詞,3,3
遂げる,動詞,3,3
パキスタン,名詞,3,1
パトロン,名詞,3,2
愛娘,名詞,3,3
空港,名詞,3,3
空虚,名詞,3,1
胃,名詞,3,1
完成,名詞,3,3
薬,名詞,3,2
種,名詞,3,3
脚,名詞,3,2
実母,名詞,3,3
我慢,名詞,3,2
脅威,名詞,3,3
脅す,動詞,3,3
成績,名詞,3,3
クルー,名詞,3,3
移行,名詞,3,3
ファシスト,名詞,3,2
コニャック,名詞,3,2
委ねる,動詞,3,3
姫君,名詞,3,3
連盟,名詞,3,3
姿勢,名詞,3,3
遊ぶ,動詞,3,3
婚前,名詞,3,3
開発,名詞,3,3
聡明,名詞,3,3
官僚,名詞,3,3
意地悪,名詞,3,3
ビスマルク,名詞,3,2
慰謝,名詞,3,2
宗主,名詞,3,2
逗留,名詞,3,3
節,名詞,3,1
ポートランド,名詞,3,2
遺る,動詞,3,3
遺す,動詞,3,3
堪能,名詞,3,3
挨拶,名詞,3,2
美容,名詞,3,2
船上,名詞,3,3
ホワイトハウス,名詞,3,3
挟む,動詞,3,3
塔,名詞,3,3
純粋,名詞,3,3
小柄,名詞,3,3
退屈,名詞,3,3
選択,名詞,3,3
指輪,名詞,3,3
シミ,名詞,3,3
送りこむ,動詞,3,2
突き付ける,動詞,3,1
カメラマン,名詞,3,2
墜落,名詞,3,3
ドキュメンタリー,名詞,3,2
社長,名詞,3,3
小さい,形容詞,3,2
送り込む,動詞,3,3
導く,動詞,3,3
捉える,動詞,3,3
御用,名詞,3,2
選び,名詞,3,2
トルコ,名詞,3,3
地所,名詞,3,2
追い回す,動詞,3,3
接近,名詞,3,2
地球,名詞,3,3
採用,名詞,3,3
屈指,名詞,3,3
埋める,動詞,3,2
陽気,名詞,3,3
授賞,名詞,3,3
後者,名詞,3,3
城主,名詞,3,3
授業,名詞,3,3
確定,名詞,3,2
後見人,名詞,3,3
従来,名詞,3,3
執務,名詞,3,2
トム,名詞,3,2
従者,名詞,3,2
御所,名詞,3,1
執行,名詞,3,2
ボー,名詞,3,3
捕らえる,動詞,3,3
色濃い,形容詞,3,3
納める,動詞,3,3
持ちかける,動詞,3,3
翼,名詞,3,3
プロポーズ,名詞,3,3
寵姫,名詞,3,3
簡素,名詞,3,3
プロデューサー,名詞,3,2
自己,名詞,3,3
大会,名詞,3,2
陣,名詞,3,2
簡単,名詞,3,3
披露宴,名詞,3,3
自室,名詞,3,2
投資,名詞,3,3
大嫌い,名詞,3,3
ネット,名詞,3,3
思いとどまる,動詞,3,3
キャスト,名詞,3,3
大宮,名詞,3,1
思い出,名詞,3,2
大尉,名詞,3,3
プライベート,名詞,3,2
思い止まる,動詞,3,3
密接,名詞,3,2
抑圧,名詞,3,3
キャプテン,名詞,3,1
大理石,名詞,3,3
寵愛,名詞,3,3
夢中,名詞,3,3
遭遇,名詞,3,3
押す,動詞,3,3
ベルトルト,名詞,3,1
遭う,動詞,3,3
ナウ,名詞,3,3
招集,名詞,3,2
夕食,名詞,3,2
ベト,名詞,3,3
招聘,名詞,3,2
外務,名詞,3,3
外務省,名詞,3,2
ベタ,名詞,3,3
カー,名詞,3,2
カート,名詞,3,1
長子,名詞,3,3
招き,名詞,3,3
長官,名詞,3,2
粗野,名詞,3,2
ベオグラード,名詞,3,3
ニューカッスル,名詞,3,2
ヘン,名詞,3,3
粗暴,名詞,3,3
対等,名詞,3,3
遠ざける,動詞,3,3
遠ざかる,動詞,3,3
代行,名詞,3,3
矢,名詞,3,3
重視,名詞,3,3
業,名詞,3,2
加担,名詞,3,3
ならう,動詞,3,3
劣る,動詞,3,3
事務,名詞,3,3
助かる,動詞,3,3
要望,名詞,3,2
励む,動詞,3,3
信者,名詞,3,2
要塞,名詞,3,3
梗塞,名詞,3,3
効果,名詞,3,3
満ちる,動詞,3,3
満つ,動詞,3,3
案,名詞,3,3
発,名詞,3,3
勉学,名詞,3,3
はじまる,動詞,3,3
根強い,形容詞,3,2
栄達,名詞,3,3
栄誉,名詞,3,2
動揺,名詞,3,2
譲り,名詞,3,3
現地,名詞,3,3
一命,名詞,3,3
跡継ぎ,名詞,3,3
譲位,名詞,3,2
覆す,動詞,3,3
枝,名詞,3,3
業界,名詞,3,3
制す,動詞,3,3
制限,名詞,3,3
権威,名詞,3,1
海洋,名詞,3,3
模索,名詞,3,2
疾患,名詞,3,3
海賊,名詞,3,1
見出す,動詞,3,2
前夜,名詞,3,2
乳母,名詞,3,2
前夫,名詞,3,3
構想,名詞,3,3
とれる,動詞,3,3
消える,動詞,3,3
見つかる,動詞,3,3
ないがしろ,名詞,3,3
割り当てる,動詞,3,3
見せかける,動詞,3,3
消滅,名詞,3,3
深まる,動詞,3,2
借財,名詞,3,3
添える,動詞,3,3
極端,名詞,3,3
極度,名詞,3,3
理事,名詞,3,3
発つ,動詞,3,3
ヴォルテール,名詞,3,3
火傷,名詞,3,2
ローデシア,名詞,3,3
本来,名詞,3,3
誇り,名詞,3,3
半島,名詞,3,3
半旗,名詞,3,1
交友,名詞,3,3
激励,名詞,3,3
例外,名詞,3,3
末裔,名詞,3,3
ロマンス,名詞,3,3
末期,名詞,3,3
協商,名詞,3,2
激突,名詞,3,3
ロバート,名詞,3,3
南仏,名詞,3,3
項目,名詞,3,3
南極,名詞,3,3
まとめる,動詞,3,3
濃い,形容詞,3,3
瀕死,名詞,3,3
単独,名詞,3,3
裏切る,動詞,3,3
麻疹,名詞,3,2
裏切り,名詞,3,2
博士,名詞,3,2
裏付ける,動詞,3,1
依存,名詞,3,3
本格,名詞,3,3
二股,名詞,3,1
警戒,名詞,3,3
保有,名詞,3,3
滅多,名詞,3,2
踊る,動詞,3,3
おば,名詞,3,3
襲う,動詞,3,3
議論,名詞,3,3
東部,名詞,3,3
保存,名詞,3,3
話し合い,名詞,3,3
勤める,動詞,3,3
化す,動詞,3,3
演劇,名詞,3,2
頑固,名詞,3,2
演技,名詞,3,1
話題,名詞,3,3
北側,名詞,3,3
北方,名詞,3,3
北欧,名詞,3,3
杖,名詞,3,1
預ける,動詞,3,3
製,名詞,3,2
侮辱,名詞,3,3
本物,名詞,3,3
本気,名詞,3,3
裡,名詞,3,3
浮上,名詞,3,3
風潮,名詞,3,2
一途,名詞,3,3
気性,名詞,3,3
気分,名詞,3,1
さま,名詞,3,3
ける,動詞,3,2
解決,名詞,3,2
没後,名詞,3,3
中傷,名詞,3,3
内部,名詞,3,3
資質,名詞,3,3
民間,名詞,3,2
全う,名詞,3,3
油,名詞,3,2
再燃,名詞,3,2
不慮,名詞,3,3
中尉,名詞,3,3
騒ぎ,名詞,3,3
記憶,名詞,3,3
生計,名詞,3,3
毛皮,名詞,3,3
冷ややか,名詞,3,3
冷却,名詞,3,1
入党,名詞,3,3
沿う,動詞,3,3
観光,名詞,3,3
沿岸,名詞,3,3
生物,名詞,3,2
没する,動詞,3,3
騎兵隊,名詞,3,3
疎開,名詞,3,3
没,名詞,3,3
決断,名詞,3,3
買い物,名詞,3,2
こじれる,動詞,3,2
駐屯,名詞,3,3
駐在,名詞,3,3
不足,名詞,3,3
決闘,名詞,3,3
こじらせる,動詞,3,3
こもる,動詞,3,3
申し出,名詞,3,3
申し立てる,動詞,3,3
申し込み,名詞,3,3
沈黙,名詞,3,3
不良,名詞,3,3
申し込む,動詞,3,2
水彩,名詞,3,2
申請,名詞,3,3
気遣う,動詞,3,3
さいなむ,動詞,3,3
典型,名詞,3,3
並ぶ,動詞,3,3
費用,名詞,3,3
気質,名詞,3,3
産める,動詞,3,3
貫く,動詞,3,3
法学,名詞,3,3
中流,名詞,3,2
不妊症,名詞,3,3
記載,名詞,3,3
視線,名詞,3,3
武器,名詞,3,1
規定,名詞,3,3
正常,名詞,3,3
正嫡,名詞,3,3
切手,名詞,3,3
高名,名詞,3,2
主要,名詞,3,3
刑,名詞,3,3
赤い,形容詞,3,2
高度,名詞,3,3
豪華,名詞,3,3
列強,名詞,3,3
上がる,動詞,3,3
見舞い,名詞,3,3
初旬,名詞,3,3
初頭,名詞,3,3
飛び出す,動詞,3,3
傾倒,名詞,3,3
傷病,名詞,3,3
てる,動詞,3,2
丁,名詞,3,3
一連,名詞,3,1
診断,名詞,3,3
証,名詞,3,3
許,名詞,3,2
っぽい,形容詞,3,3
歩兵,名詞,3,3
残り,名詞,3,2
法官,名詞,3,3
不和,名詞,3,3
出世,名詞,3,3
克服,名詞,3,2
中等,名詞,3,3
殴る,動詞,3,3
出兵,名詞,3,2
不可能,名詞,3,3
不動産,名詞,3,3
残酷,名詞,3,3
不全,名詞,3,3
不一致,名詞,3,3
贈り物,名詞,3,3
髄,名詞,3,2
中継,名詞,3,3
泣く,動詞,3,3
下位,名詞,3,3
出費,名詞,3,2
出迎え,名詞,3,2
下す,動詞,3,3
上陸,名詞,3,3
分の,名詞,3,3
分割,名詞,3,3
設置,名詞,3,3
火事,名詞,3,3
公立,名詞,3,3
博物館,名詞,3,3
参考,名詞,3,3
霊的,名詞,3,2
あちこち,名詞,3,3
軍隊,名詞,3,3
召使,名詞,3,3
無理,名詞,3,3
黒髪,名詞,3,3
付き合い,名詞,3,3
よそよそしい,形容詞,3,3
露呈,名詞,3,2
蜜蜂,名詞,3,1
黒,名詞,3,3
黒い,形容詞,3,3
誤る,動詞,3,3
人道,名詞,3,2
古代,名詞,3,3
読書,名詞,3,3
転じる,動詞,3,3
収監,名詞,3,3
監視,名詞,3,3
旧姓,名詞,3,3
やすい,形容詞,3,3
誘惑,名詞,3,3
無力,名詞,3,3
任務,名詞,3,3
軋轢,名詞,3,3
付き添う,動詞,3,3
犬,名詞,3,3
調停,名詞,3,3
やむ,動詞,3,3
表現,名詞,3,3
付き添い,名詞,3,3
軍務,名詞,3,3
軍勢,名詞,3,2
牧師,名詞,3,3
企業,名詞,3,2
書き残す,動詞,3,3
反映,名詞,3,3
爆発,名詞,3,3
暦,名詞,3,2
誤解,名詞,3,2
熱中,名詞,3,3
目論見,名詞,3,3
リスボン,名詞,3,3
熱,名詞,3,3
ラン,名詞,3,3
説教,名詞,3,3
直面,名詞,3,2
行き来,名詞,3,3
諸王,名詞,3,2
読み書き,名詞,3,1
ラ王,名詞,3,3
転地,名詞,3,2
仕打ち,名詞,3,3
受講,名詞,3,3
説明,名詞,3,3
受給,名詞,3,2
受章,名詞,3,2
叙する,動詞,3,3
アクセル,名詞,3,1
焼く,動詞,3,3
煽り,名詞,3,3
講和,名詞,3,3
他者,名詞,3,1
目前,名詞,3,3
謎,名詞,3,3
わし,名詞,3,1
普い,形容詞,3,3
リビア,名詞,3,1
取り沙汰,名詞,3,3
ラム,名詞,3,2
煽る,動詞,3,3
取り組み,名詞,3,1
リトアニア,名詞,3,2
アスコット,名詞,3,3
ん,名詞,3,2
転倒,名詞,3,3
アグネス,名詞,3,3
レストラン,名詞,3,2
休み,名詞,3,3
あがる,動詞,3,3
危ぶむ,動詞,3,3
厚遇,名詞,3,3
月経,名詞,3,2
皇居,名詞,3,2
人格,名詞,3,3
ロココ,名詞,3,2
アルベルト,名詞,3,2
危篤,名詞,3,1
ライアン,名詞,3,2
認可,名詞,3,3
玉座,名詞,3,2
レベル,名詞,3,3
面倒,名詞,3,2
身柄,名詞,3,2
作法,名詞,3,3
仲間,名詞,3,3
付与,名詞,3,3
物価,名詞,3,3
雰囲気,名詞,3,3
新生児,名詞,3,3
人文,名詞,3,3
同い年,名詞,3,3
仲良し,名詞,3,2
新型,名詞,3,3
車両,名詞,3,1
認識,名詞,3,3
身近,名詞,3,3
新居,名詞,3,3
余命,名詞,3,3
作成,名詞,3,3
仮面,名詞,3,3
付け,名詞,3,3
望み,名詞,3,3
白羽,名詞,3,3
占有,名詞,3,2
付く,動詞,3,3
真意,名詞,3,3
諍い,名詞,3,3
旅,名詞,3,3
参戦,名詞,3,2
ロス,名詞,3,3
任す,動詞,3,3
作戦,名詞,3,3
人前,名詞,3,3
有名人,名詞,3,3
最年長,名詞,3,3
物静か,名詞,3,3
皆さん,名詞,3,1
危うい,形容詞,3,3
着ける,動詞,3,3
電報,名詞,3,1
ライデン,名詞,3,3
司祭,名詞,3,3
付す,動詞,3,3
きり,名詞,2,2
生国,名詞,2,2
門,名詞,2,2
筋肉,名詞,2,2
金髪,名詞,2,2
性急,名詞,2,2
沈静,名詞,2,2
高まり,名詞,2,1
注ぎ込む,動詞,2,2
泥棒,名詞,2,2
悲しい,形容詞,2,2
立ち寄る,動詞,2,1
立ち向かう,動詞,2,1
特旨,名詞,2,2
か国,名詞,2,2
生み出す,動詞,2,2
がたい,形容詞,2,2
あからさま,名詞,2,2
思慕,名詞,2,2
野党,名詞,2,2
思慮,名詞,2,2
立,名詞,2,2
スピード,名詞,2,1
サマ,名詞,2,2
引き合い,名詞,2,2
熱意,名詞,2,2
洗剤,名詞,2,1
熱愛,名詞,2,2
洋上,名詞,2,1
決議,名詞,2,2
物資,名詞,2,2
サポート,名詞,2,2
座礁,名詞,2,2
セレモニー,名詞,2,2
引き入れる,動詞,2,1
管区,名詞,2,2
生命,名詞,2,1
あやかる,動詞,2,2
怪我,名詞,2,2
驚き,名詞,2,2
きる,動詞,2,2
庶民,名詞,2,2
建国,名詞,2,2
コンスタンチン,名詞,2,2
高価,名詞,2,2
統,名詞,2,2
開幕,名詞,2,2
黙認,名詞,2,2
悩み,名詞,2,2
沿い,名詞,2,2
生神,名詞,2,2
版,名詞,2,2
コミュニケーション,名詞,2,2
２,名詞,2,1
くりぬく,動詞,2,2
恋しい,形容詞,2,2
閉鎖,名詞,2,2
油彩,名詞,2,2
コメント,名詞,2,2
開ける,動詞,2,2
あきらめる,動詞,2,2
金メダル,名詞,2,1
セット,名詞,2,2
悲劇,名詞,2,2
廃棄,名詞,2,2
立会,名詞,2,2
没頭,名詞,2,2
廃除,名詞,2,1
恵み,名詞,2,2
金婚式,名詞,2,2
あずかる,動詞,2,2
金襴,名詞,2,1
立ち居,名詞,2,2
ゴールド,名詞,2,2
ゴードン,名詞,2,2
ゴルフ,名詞,2,1
黒海,名詞,2,2
ゴシップ,名詞,2,2
爆撃,名詞,2,2
結束,名詞,2,2
恐慌,名詞,2,2
爆破,名詞,2,2
惜しむ,動詞,2,2
恒例,名詞,2,2
弔意,名詞,2,1
恥,名詞,2,2
惚れる,動詞,2,2
恥ずかしい,形容詞,2,2
生母,名詞,2,2
スミス,名詞,2,2
笑う,動詞,2,2
あてがう,動詞,2,2
競馬,名詞,2,2
競泳,名詞,2,1
特赦,名詞,2,1
恩赦,名詞,2,1
コーラス,名詞,2,2
高める,動詞,2,2
長期間,名詞,2,2
思わしくない,形容詞,2,2
シューベルト,名詞,2,2
現代,名詞,2,2
強調,名詞,2,2
無くす,動詞,2,2
おびえる,動詞,2,2
ジュリー,名詞,2,1
組み合わせる,動詞,2,2
開花,名詞,2,2
紙幣,名詞,2,2
シル,名詞,2,2
ジュリア,名詞,2,1
ショット,名詞,2,2
組み合わせ,名詞,2,1
いらだつ,動詞,2,2
おとなしい,形容詞,2,2
従姉妹,名詞,2,1
従事,名詞,2,2
シャン,名詞,2,2
おろか,名詞,2,2
いち早い,形容詞,2,2
ジョセフ,名詞,2,1
無料,名詞,2,2
獄死,名詞,2,2
いたずら,名詞,2,2
満たす,動詞,2,2
率,名詞,2,2
ジョーク,名詞,2,1
復縁,名詞,2,1
強奪,名詞,2,2
復権,名詞,2,2
シャネル,名詞,2,1
強烈,名詞,2,2
現場,名詞,2,2
無名,名詞,2,2
復古,名詞,2,2
いた事,名詞,2,2
漁色,名詞,2,2
演じる,動詞,2,2
からかう,動詞,2,2
終了,名詞,2,2
待望,名詞,2,2
素行,名詞,2,2
形成,名詞,2,2
灰,名詞,2,2
火葬,名詞,2,2
終,名詞,2,2
彼女ら,名詞,2,2
鍾愛,名詞,2,2
後見,名詞,2,2
鍋,名詞,2,1
役職,名詞,2,2
彫刻,名詞,2,2
影,名詞,2,2
麻痺,名詞,2,2
錯綜,名詞,2,2
ジェームス,名詞,2,2
素早い,形容詞,2,2
おきる,動詞,2,2
銘,名詞,2,1
麻薬,名詞,2,2
組,名詞,2,2
当てる,動詞,2,1
当人,名詞,2,2
シングル,名詞,2,1
おしゃれ,名詞,2,1
おさめる,動詞,2,2
うつす,動詞,2,2
潔癖,名詞,2,2
おこなう,動詞,2,2
潜在,名詞,2,2
炊き出し,名詞,2,2
麓,名詞,2,2
災難,名詞,2,2
後世,名詞,2,2
ジャケット,名詞,2,2
強固,名詞,2,2
湧く,動詞,2,1
長ける,動詞,2,2
引き込む,動詞,2,2
浪費,名詞,2,2
浮かぶ,動詞,2,2
独裁,名詞,2,1
引き裂く,動詞,2,2
猛烈,名詞,2,2
浮き名,名詞,2,2
うるさい,形容詞,2,2
引き連れる,動詞,2,2
納税,名詞,2,1
高等法院,名詞,2,2
高級,名詞,2,2
応える,動詞,2,2
忙しい,形容詞,2,2
生々しい,形容詞,2,2
甘やかす,動詞,2,2
海,名詞,2,2
快い,形容詞,2,2
快活,名詞,2,2
浩宮,名詞,2,1
スピルバーグ,名詞,2,1
思える,動詞,2,2
あれこれ,名詞,2,2
サンタ,名詞,2,2
生じる,動詞,2,2
引き換え,名詞,2,2
結びつける,動詞,2,2
流れ,名詞,2,1
かなえる,動詞,2,2
流暢,名詞,2,2
流石,名詞,2,2
サンデー・タイムズ,名詞,2,2
サー,名詞,2,2
簡潔,名詞,2,2
高祖母,名詞,2,2
生き残り,名詞,2,2
お膳立て,名詞,2,2
猩紅熱,名詞,2,2
甘える,動詞,2,2
清子,名詞,2,2
清教徒,名詞,2,2
済む,動詞,2,2
スティーヴン,名詞,2,1
心地,名詞,2,1
納得,名詞,2,2
釣り合う,動詞,2,2
弟子,名詞,2,2
心がける,動詞,2,2
鉄道,名詞,2,1
強力,名詞,2,2
猿,名詞,2,2
現象,名詞,2,1
現時点,名詞,2,2
現役,名詞,2,2
お世話,名詞,2,1
シティ,名詞,2,2
紀宮,名詞,2,2
煉瓦,名詞,2,1
献金,名詞,2,2
お祭り騒ぎ,名詞,2,2
お祝い,名詞,2,1
猫背,名詞,2,2
忌避,名詞,2,2
精通,名詞,2,2
浸透,名詞,2,2
シェル,名詞,2,2
焦点,名詞,2,1
引っ込み思案,名詞,2,2
引渡し,名詞,2,1
涙す,動詞,2,2
心身,名詞,2,2
理解し合う,動詞,2,1
深夜,名詞,2,2
鬱病,名詞,2,2
得票,名詞,2,1
断固,名詞,2,2
用心,名詞,2,2
最大,名詞,2,2
皮切り,名詞,2,1
破滅,名詞,2,2
もてなす,動詞,2,1
最愛,名詞,2,2
最新,名詞,2,2
揃い,名詞,2,2
面前,名詞,2,2
破産,名詞,2,1
最長,名詞,2,2
め,名詞,2,2
掲載,名詞,2,2
むせび泣く,動詞,2,2
みなす,動詞,2,2
有様,名詞,2,1
有罪,名詞,2,2
有能,名詞,2,2
破門,名詞,2,2
オベリスク,名詞,2,1
推奨,名詞,2,2
オリンピア,名詞,2,2
推し進める,動詞,2,2
提携,名詞,2,2
もてはやす,動詞,2,2
窮屈,名詞,2,2
破壊,名詞,2,2
暮れ,名詞,2,2
静養,名詞,2,2
暴く,動詞,2,2
非公式,名詞,2,2
エリー,名詞,2,2
暴徒,名詞,2,2
曰く,名詞,2,2
やり取り,名詞,2,2
やりとり,名詞,2,2
砲,名詞,2,2
摂る,動詞,2,2
携帯,名詞,2,2
書き記す,動詞,2,2
搭乗,名詞,2,2
曾祖父,名詞,2,2
砲兵,名詞,2,2
もらえる,動詞,2,2
損ねる,動詞,2,2
損なう,動詞,2,2
盗む,動詞,2,2
揶揄,名詞,2,2
控え目,名詞,2,2
服喪,名詞,2,2
服役,名詞,2,2
白血病,名詞,2,2
振り返る,動詞,2,2
本社,名詞,2,2
本邸,名詞,2,2
本部,名詞,2,2
挟撃,名詞,2,2
机,名詞,2,2
カップル,名詞,2,2
束の間,名詞,2,2
礼砲,名詞,2,2
カナダドル,名詞,2,2
カバー,名詞,2,2
指折り,名詞,2,2
領国,名詞,2,1
ひとり,名詞,2,2
カリフォルニア,名詞,2,1
頬,名詞,2,2
発狂,名詞,2,2
東,名詞,2,2
東京,名詞,2,1
祈る,動詞,2,2
発布,名詞,2,2
カクテル,名詞,2,2
振興,名詞,2,2
捕える,動詞,2,2
まとまる,動詞,2,2
まれ,名詞,2,2
接触,名詞,2,2
接種,名詞,2,2
接吻,名詞,2,2
階,名詞,2,2
接,名詞,2,2
採る,動詞,2,2
掠奪,名詞,2,2
まみれる,動詞,2,2
ほど,名詞,2,2
陸海,名詞,2,1
据える,動詞,2,2
オープンカー,名詞,2,2
ふるう,動詞,2,2
ふり,名詞,2,2
確立,名詞,2,2
本国,名詞,2,2
捕虜,名詞,2,2
ふたり,名詞,2,1
本拠,名詞,2,2
操る,動詞,2,2
暮らせる,動詞,2,2
静岡,名詞,2,1
知れる,動詞,2,2
イスラエル,名詞,2,1
アリバイ,名詞,2,1
日の丸,名詞,2,1
アリ,名詞,2,2
知らす,動詞,2,2
日本人,名詞,2,1
離脱,名詞,2,2
真ん中,名詞,2,2
離縁,名詞,2,2
アラン,名詞,2,2
アメ,名詞,2,2
イブニング,名詞,2,2
旧約,名詞,2,1
アマチュア,名詞,2,2
知り合い,名詞,2,2
看做す,動詞,2,1
教区,名詞,2,2
相違,名詞,2,2
露出,名詞,2,2
教わる,動詞,2,2
早期,名詞,2,2
真偽,名詞,2,2
旗印,名詞,2,2
アルス,名詞,2,1
新大陸,名詞,2,2
難航,名詞,2,2
アレクサンドリア,名詞,2,2
雨,名詞,2,2
文章,名詞,2,2
睡眠,名詞,2,2
断食,名詞,2,1
アルプス,名詞,2,2
睦まじい,形容詞,2,2
文字,名詞,2,2
雪,名詞,2,2
イス,名詞,2,2
新婦,名詞,2,2
敵意,名詞,2,2
新興,名詞,2,2
方針,名詞,2,2
整える,動詞,2,2
瞬間,名詞,2,2
瞳,名詞,2,2
難しい,形容詞,2,2
イサベラ,名詞,2,1
教える,動詞,2,2
アップル,名詞,2,1
エリザ,名詞,2,2
昇格,名詞,2,2
ウー,名詞,2,2
時折,名詞,2,2
晒す,動詞,2,2
晩,名詞,2,1
わに,名詞,2,2
エディション,名詞,2,2
青春,名詞,2,2
わたる,動詞,2,2
暑い,形容詞,2,2
隣接,名詞,2,2
暗躍,名詞,2,2
隣国,名詞,2,2
短縮,名詞,2,2
暫定,名詞,2,2
支流,名詞,2,2
隠遁,名詞,2,2
エリカ,名詞,2,1
エリサ,名詞,2,2
研修,名詞,2,1
支出,名詞,2,2
暮し,名詞,2,2
目論む,動詞,2,2
政,名詞,2,2
青山,名詞,2,1
相姦,名詞,2,2
インターン,名詞,2,1
アダム,名詞,2,2
救援,名詞,2,2
明ける,動詞,2,2
相思相愛,名詞,2,2
インテリア,名詞,2,2
アジア,名詞,2,2
明るみ,名詞,2,2
救い出す,動詞,2,2
明記,名詞,2,1
政務,名詞,2,2
故人,名詞,2,2
ウィンブルドン,名詞,2,2
直談判,名詞,2,1
映像,名詞,2,1
ウェイトレス,名詞,2,2
青い,形容詞,2,2
政情,名詞,2,2
青少年,名詞,2,2
ウクライナ,名詞,2,2
頭部,名詞,2,2
祈祷,名詞,2,2
祖,名詞,2,2
養護,名詞,2,2
斜視,名詞,2,1
閣僚,名詞,2,2
移動,名詞,2,2
懸念,名詞,2,2
移管,名詞,2,1
クレムリン,名詞,2,1
たどる,動詞,2,2
飾り立てる,動詞,2,2
移転,名詞,2,2
稀,名詞,2,2
残骸,名詞,2,2
たしなむ,動詞,2,2
殺人,名詞,2,2
憤慨,名詞,2,2
憤る,動詞,2,2
憔悴,名詞,2,2
それら,名詞,2,2
そらす,動詞,2,2
留任,名詞,2,2
養成,名詞,2,2
留め置く,動詞,2,2
歿後,名詞,2,2
死期,名詞,2,2
飲む,動詞,2,2
戦士,名詞,2,2
クエーカー,名詞,2,1
秘蹟,名詞,2,1
正直,名詞,2,2
正義,名詞,2,2
正面,名詞,2,1
戦艦,名詞,2,2
武官,名詞,2,2
戦犯,名詞,2,2
異例,名詞,2,2
歯,名詞,2,2
成年,名詞,2,2
闘争,名詞,2,2
歳費,名詞,2,2
クリストファー,名詞,2,2
番地,名詞,2,2
食堂,名詞,2,1
我,名詞,2,2
クリスマス,名詞,2,1
成育,名詞,2,2
死に目,名詞,2,2
稜,名詞,2,2
母語,名詞,2,2
正反対,名詞,2,2
首脳,名詞,2,2
さなか,名詞,2,2
気味,名詞,2,2
愛着,名詞,2,2
馴染める,動詞,2,2
ささやく,動詞,2,2
駆けつける,動詞,2,1
ケイト,名詞,2,1
男の子,名詞,2,2
突く,動詞,2,1
ケニア,名詞,2,2
愛好,名詞,2,2
気難しい,形容詞,2,2
水玉,名詞,2,1
ケルン,名詞,2,1
水腫,名詞,2,2
ケープタウン,名詞,2,2
ゲイリー,名詞,2,1
甲斐,名詞,2,2
愚,名詞,2,1
汚れ,名詞,2,1
意義,名詞,2,2
しかける,動詞,2,2
空気,名詞,2,2
感動,名詞,2,2
稼ぐ,動詞,2,2
関節,名詞,2,2
クーパー,名詞,2,1
毎朝,名詞,2,2
毎週,名詞,2,1
首謀,名詞,2,2
毛嫌い,名詞,2,1
慣れ親しむ,動詞,2,2
グラム,名詞,2,2
民主,名詞,2,2
慌てる,動詞,2,2
気丈,名詞,2,2
民俗,名詞,2,1
グランド,名詞,2,2
画廊,名詞,2,2
グランプリ,名詞,2,2
グリニッジ,名詞,2,2
グルデン,名詞,2,2
気さく,名詞,2,2
穴,名詞,2,2
しつこい,形容詞,2,1
所持,名詞,2,2
所生,名詞,2,2
カレー,名詞,2,1
抗争,名詞,2,1
祝す,動詞,2,2
祝典,名詞,2,2
検査,名詞,2,2
痕跡,名詞,2,1
ガラス,名詞,2,1
祝砲,名詞,2,2
ガードレール,名詞,2,2
業務,名詞,2,2
ガーナ,名詞,2,1
抵当,名詞,2,2
ガールスカウト,名詞,2,1
陣痛,名詞,2,2
なじめる,動詞,2,2
披露,名詞,2,2
抜擢,名詞,2,2
神秘,名詞,2,1
楽しい,形容詞,2,2
折れる,動詞,2,2
折,名詞,2,2
楽しみ,名詞,2,2
キプロス,名詞,2,2
題す,動詞,2,2
森林,名詞,2,2
担ぐ,動詞,2,2
招致,名詞,2,1
板,名詞,2,1
カン,名詞,2,2
果て,名詞,2,2
拡張,名詞,2,2
カントリー,名詞,2,2
果てる,動詞,2,2
拝領,名詞,2,1
はずす,動詞,2,2
はじめる,動詞,2,2
発す,動詞,2,2
棟,名詞,2,2
根回し,名詞,2,2
招待客,名詞,2,2
格段,名詞,2,2
のぼる,動詞,2,2
拘る,動詞,2,2
カーブ,名詞,2,2
癇癪,名詞,2,1
カ国,名詞,2,2
頼り,名詞,2,2
神経質,名詞,2,2
キャッチフレーズ,名詞,2,1
正す,動詞,2,1
キャバレー,名詞,2,1
手許,名詞,2,2
疎ましい,形容詞,2,2
異質,名詞,2,1
手袋,名詞,2,1
風邪,名詞,2,2
キール,名詞,2,2
手続き,名詞,2,2
次第,名詞,2,2
欧米,名詞,2,2
欲,名詞,2,2
つまらない,形容詞,2,2
歌う,動詞,2,2
歌劇,名詞,2,2
手始め,名詞,2,2
歌舞伎座,名詞,2,1
歓呼,名詞,2,2
歓声,名詞,2,1
つのる,動詞,2,2
手伝い,名詞,2,1
つながる,動詞,2,2
科目,名詞,2,2
手遅れ,名詞,2,2
づく,動詞,2,2
私室,名詞,2,2
キュー,名詞,2,2
病床,名詞,2,2
投げる,動詞,2,2
願い出る,動詞,2,2
抑える,動詞,2,2
把握,名詞,2,2
標的,名詞,2,2
技術,名詞,2,2
キャンセル,名詞,2,2
風儀,名詞,2,2
権限,名詞,2,2
てんかん,名詞,2,1
疑問,名詞,2,2
限定,名詞,2,2
打撃,名詞,2,2
風景,名詞,2,2
機嫌,名詞,2,2
打ち解ける,動詞,2,2
機密,名詞,2,2
機運,名詞,2,2
才女,名詞,2,2
クルーズ,名詞,2,2
都合,名詞,2,2
同衾,名詞,2,2
吃音,名詞,2,2
ユネスコ,名詞,2,2
同校,名詞,2,2
ヨット,名詞,2,2
軽蔑,名詞,2,2
ヨルダン,名詞,2,2
同席,名詞,2,2
同市,名詞,2,2
ヨークシャー,名詞,2,2
同名,名詞,2,2
薬物,名詞,2,2
ライバル,名詞,2,1
合同,名詞,2,2
蘭,名詞,2,2
ラインラント,名詞,2,2
輿入れ,名詞,2,2
司会,名詞,2,2
司令,名詞,2,2
ラウ,名詞,2,1
叶う,動詞,2,2
右腕,名詞,2,1
史料,名詞,2,1
叱る,動詞,2,2
虚偽,名詞,2,1
可愛らしい,形容詞,2,2
ラッセル,名詞,2,1
可哀そう,名詞,2,2
召喚,名詞,2,2
召使い,名詞,2,2
ユニセフ,名詞,2,2
同等,名詞,2,2
和らげる,動詞,2,2
著す,動詞,2,2
メダル,名詞,2,2
辿る,動詞,2,2
メンツ,名詞,2,1
呼吸,名詞,2,2
呼びかける,動詞,2,2
呼ばわり,名詞,2,2
味わう,動詞,2,2
呪う,動詞,2,1
メール,名詞,2,2
農業,名詞,2,1
告解,名詞,2,1
告発,名詞,2,2
呆れる,動詞,2,1
モチーフ,名詞,2,2
薔薇,名詞,2,1
著書,名詞,2,2
葬,名詞,2,1
農場,名詞,2,2
モン,名詞,2,2
向け,名詞,2,2
葬列,名詞,2,2
葬式,名詞,2,2
吐く,動詞,2,2
名高い,形容詞,2,2
モンペリエ,名詞,2,2
名うて,名詞,2,2
絶つ,動詞,2,2
同胞,名詞,2,1
叫ぶ,動詞,2,2
叩く,動詞,2,1
融資,名詞,2,2
厄介,名詞,2,2
ルワンダ,名詞,2,2
レイ,名詞,2,2
レセプション,名詞,2,1
参照,名詞,2,1
表面,名詞,2,2
去勢,名詞,2,2
レナ,名詞,2,2
厳重,名詞,2,2
衰える,動詞,2,2
裁判所,名詞,2,2
裁可,名詞,2,2
裂く,動詞,2,2
厚い,形容詞,2,2
卵巣,名詞,2,1
古典,名詞,2,2
装い,名詞,2,2
即ける,動詞,2,1
ロサンゼルス,名詞,2,1
装着,名詞,2,1
身持ち,名詞,2,2
ロッテ,名詞,2,2
ロベール,名詞,2,2
協議,名詞,2,2
協定,名詞,2,2
半生,名詞,2,2
半減,名詞,2,1
ローズマリー,名詞,2,1
ロード,名詞,2,2
反応,名詞,2,2
軍服,名詞,2,1
リード,名詞,2,2
収益,名詞,2,1
叛乱,名詞,2,2
叙述,名詞,2,1
叙任,名詞,2,2
ランク,名詞,2,1
受刑,名詞,2,1
ランナー,名詞,2,2
受け止める,動詞,2,2
リアリティ,名詞,2,1
取引,名詞,2,1
転勤,名詞,2,2
行使,名詞,2,2
取り計らう,動詞,2,2
取り留める,動詞,2,2
取り止める,動詞,2,2
取り払う,動詞,2,1
リベラル,名詞,2,2
術,名詞,2,2
転ぶ,動詞,2,2
リヨン,名詞,2,2
衛生,名詞,2,1
衝動,名詞,2,2
リラックス,名詞,2,2
取り付ける,動詞,2,2
取り下げる,動詞,2,2
転がり込む,動詞,2,2
リング,名詞,2,1
表す,動詞,2,2
和む,動詞,2,1
迎え入れる,動詞,2,2
腫瘍,名詞,2,1
変装,名詞,2,2
自発,名詞,2,2
ヘア,名詞,2,2
多産,名詞,2,2
多岐,名詞,2,2
ヘンリク,名詞,2,2
自転車,名詞,2,1
外科,名詞,2,1
外相,名詞,2,2
ベスト,名詞,2,1
逃す,動詞,2,2
至上,名詞,2,1
外す,動詞,2,2
夕方,名詞,2,2
売春,名詞,2,2
大伯母,名詞,2,2
売る,動詞,2,2
売り払う,動詞,2,2
売り上げ,名詞,2,2
ペンシルベニア,名詞,2,2
増額,名詞,2,1
増長,名詞,2,2
増加,名詞,2,2
ペンネーム,名詞,2,2
墓碑,名詞,2,2
退職,名詞,2,2
場面,名詞,2,2
ホンジュラス,名詞,2,2
退く,動詞,2,2
自治,名詞,2,2
大伯父,名詞,2,2
和議,名詞,2,2
大胆,名詞,2,2
通信,名詞,2,2
腹,名詞,2,2
失恋,名詞,2,2
腹違い,名詞,2,2
夭逝,名詞,2,2
ブラント,名詞,2,1
膝,名詞,2,2
大阪国際空港,名詞,2,1
大量,名詞,2,2
臣民,名詞,2,2
臨む,動詞,2,2
ブロンド,名詞,2,2
臨席,名詞,2,2
大破,名詞,2,2
プレゼント,名詞,2,2
自伝,名詞,2,2
自信,名詞,2,2
大掛かり,名詞,2,2
大広間,名詞,2,2
大学院,名詞,2,1
大学生,名詞,2,1
途上,名詞,2,2
自国,名詞,2,2
プリンス,名詞,2,2
大叔父,名詞,2,2
逆手,名詞,2,1
プレス,名詞,2,2
大切,名詞,2,2
ボスニア,名詞,2,1
良家,名詞,2,2
堅,名詞,2,2
嘆き,名詞,2,2
困惑,名詞,2,2
困り果てる,動詞,2,2
団欒,名詞,2,1
マンハッタン,名詞,2,2
回避,名詞,2,2
マーチ,名詞,2,2
囚人,名詞,2,2
囚われ,名詞,2,2
茶色,名詞,2,2
マールボロ,名詞,2,2
嘔吐,名詞,2,1
嘆願,名詞,2,2
ミシェル,名詞,2,1
ミス,名詞,2,2
追求,名詞,2,2
嗣ぐ,動詞,2,2
営む,動詞,2,2
荒廃,名詞,2,1
ミック,名詞,2,2
喜び,名詞,2,1
荘園,名詞,2,1
喉頭,名詞,2,2
ミナ,名詞,2,2
善良,名詞,2,2
華々しい,形容詞,2,2
唾,名詞,2,2
近代,名詞,2,2
落ちつける,動詞,2,2
マルセイユ,名詞,2,2
図書館,名詞,2,2
固い,形容詞,2,2
苦難,名詞,2,2
ボン,名詞,2,2
基,名詞,2,2
ボーイフレンド,名詞,2,2
執る,動詞,2,2
埠頭,名詞,2,1
ボール,名詞,2,2
ポロ,名詞,2,2
型,名詞,2,2
坂道,名詞,2,2
地点,名詞,2,2
苛立つ,動詞,2,2
マキ,名詞,2,2
マサチューセッツ,名詞,2,2
土地,名詞,2,2
園芸,名詞,2,2
国防,名詞,2,1
国賓,名詞,2,2
マスメディア,名詞,2,2
国母,名詞,2,2
国旗,名詞,2,1
マリアナ,名詞,2,2
国土,名詞,2,1
国営,名詞,2,2
国内外,名詞,2,2
返済,名詞,2,2
国事,名詞,2,1
マルシェ,名詞,2,2
十分,名詞,2,2
ローバー,名詞,2,2
医薬品,名詞,2,2
護送,名詞,2,2
乗り越える,動詞,2,2
傷,名詞,2,1
証人,名詞,2,2
乗客,名詞,2,2
乗船,名詞,2,2
乗車,名詞,2,1
証明,名詞,2,2
傍ら,名詞,2,2
傍,名詞,2,2
詐欺,名詞,2,2
偽名,名詞,2,2
評,名詞,2,2
乱暴,名詞,2,2
了承,名詞,2,2
傾ける,動詞,2,2
停戦,名詞,2,1
偏見,名詞,2,2
偉大,名詞,2,2
詣でる,動詞,2,2
護衛,名詞,2,2
借家,名詞,2,2
護持,名詞,2,2
譲渡,名詞,2,2
試練,名詞,2,1
倒す,動詞,2,2
事実無根,名詞,2,2
修復,名詞,2,2
修める,動詞,2,2
傷つける,動詞,2,2
乗り出す,動詞,2,2
裸,名詞,2,2
中間,名詞,2,2
記者,名詞,2,2
中枢,名詞,2,1
入,名詞,2,2
党員,名詞,2,2
中止,名詞,2,2
中毒,名詞,2,1
免税,名詞,2,2
記述,名詞,2,2
光景,名詞,2,2
訛り,名詞,2,1
先進,名詞,2,2
先述,名詞,2,1
中部,名詞,2,2
財団,名詞,2,2
訴訟,名詞,2,1
先代,名詞,2,2
兆し,名詞,2,2
丹毒,名詞,2,2
主権,名詞,2,2
許せる,動詞,2,2
優等生,名詞,2,2
優秀,名詞,2,2
優勝,名詞,2,1
貞節,名詞,2,2
優位,名詞,2,2
久子,名詞,2,2
訳,名詞,2,2
僭称,名詞,2,2
二の舞,名詞,2,2
信託,名詞,2,2
信憑,名詞,2,1
今年,名詞,2,2
人民,名詞,2,2
余,名詞,2,1
何者,名詞,2,1
誘拐,名詞,2,2
体質,名詞,2,2
体臭,名詞,2,1
人見知り,名詞,2,2
体操,名詞,2,1
語学,名詞,2,2
誠実,名詞,2,2
講師,名詞,2,2
住宅,名詞,2,2
住み着く,動詞,2,2
今日,名詞,2,2
信心,名詞,2,2
伸ばす,動詞,2,2
伝説,名詞,2,2
仕組む,動詞,2,2
仕送り,名詞,2,2
他国,名詞,2,2
誰か,名詞,2,2
会える,動詞,2,2
課程,名詞,2,1
伏す,動詞,2,2
伊,名詞,2,2
調べる,動詞,2,1
以内,名詞,2,2
論争,名詞,2,2
誘い,名詞,2,2
余地,名詞,2,2
余裕,名詞,2,2
誓約,名詞,2,1
二子,名詞,2,2
信じ込む,動詞,2,2
信,名詞,2,2
保養,名詞,2,2
保管,名詞,2,2
保安,名詞,2,2
話し合う,動詞,2,1
五男,名詞,2,2
警部,名詞,2,1
侵略,名詞,2,2
交える,動詞,2,2
侵す,動詞,2,2
警護,名詞,2,2
警視庁,名詞,2,1
誇らしい,形容詞,2,1
交換,名詞,2,2
例える,動詞,2,2
使者,名詞,2,1
警官,名詞,2,2
誇張,名詞,2,2
使命,名詞,2,2
京都,名詞,2,1
併発,名詞,2,2
人事,名詞,2,2
人口,名詞,2,2
人工,名詞,2,2
人形,名詞,2,2
入城,名詞,2,2
中断,名詞,2,2
入所,名詞,2,1
刻,名詞,2,1
足りる,動詞,2,2
要職,名詞,2,2
覆う,動詞,2,2
力戦,名詞,2,1
劇的,名詞,2,2
前面,名詞,2,2
一翼,名詞,2,2
前後,名詞,2,2
見事,名詞,2,2
一致,名詞,2,2
削除,名詞,2,2
削る,動詞,2,2
一行,名詞,2,2
刺繍,名詞,2,2
初夜,名詞,2,2
制服,名詞,2,2
制定,名詞,2,2
一転,名詞,2,2
利権,名詞,2,1
見届ける,動詞,2,2
走行,名詞,2,2
別々,名詞,2,2
万国博覧会,名詞,2,2
万歳,名詞,2,1
見本,名詞,2,2
判事,名詞,2,1
見知る,動詞,2,2
初対面,名詞,2,2
助手,名詞,2,2
一幕,名詞,2,1
一室,名詞,2,2
一女,名詞,2,2
製作,名詞,2,2
区別,名詞,2,2
製造,名詞,2,2
北海,名詞,2,2
複合,名詞,2,2
躊躇,名詞,2,2
ワシントン,名詞,2,2
包む,動詞,2,2
踏み切る,動詞,2,2
勧め,名詞,2,2
ワールド,名詞,2,2
勤め,名詞,2,2
勢津子,名詞,2,2
勢い,名詞,2,2
募る,動詞,2,2
ヴァージン,名詞,2,2
勝ち取る,動詞,2,2
務め,名詞,2,2
勘違い,名詞,2,2
勘当,名詞,2,2
動機,名詞,2,2
西側,名詞,2,2
動く,動詞,2,2
一団,名詞,2,1
一堂,名詞,2,2
勅書,名詞,2,1
一変,名詞,2,2
赤坂,名詞,2,1
三位一体,名詞,2,2
中将,名詞,2,2
共産党,名詞,2,2
不憫,名詞,2,2
資料,名詞,2,2
内閣,名詞,2,2
内親王,名詞,2,2
資,名詞,2,2
内縁,名詞,2,2
内相,名詞,2,1
不注意,名詞,2,2
内政,名詞,2,2
不穏,名詞,2,2
内外,名詞,2,2
触発,名詞,2,2
不興,名詞,2,2
共感,名詞,2,2
列する,動詞,2,2
費やす,動詞,2,2
不賛成,名詞,2,2
言い残す,動詞,2,2
言い聞かせる,動詞,2,2
言及,名詞,2,2
買い取る,動詞,2,2
買い与える,動詞,2,2
公文書,名詞,2,2
世襲,名詞,2,2
討つ,動詞,2,2
全面,名詞,2,2
全身,名詞,2,2
貧者,名詞,2,2
冒す,動詞,2,2
冗談,名詞,2,2
不快,名詞,2,2
不当,名詞,2,2
見送る,動詞,2,2
赤,名詞,2,2
規則,名詞,2,2
規模,名詞,2,2
贔屓,名詞,2,2
視力,名詞,2,2
視聴,名詞,2,2
上空,名詞,2,2
上級,名詞,2,2
下げる,動詞,2,2
下る,動詞,2,2
親友,名詞,2,2
賭ける,動詞,2,2
賠償,名詞,2,2
賞賛,名詞,2,2
不作法,名詞,2,2
出回る,動詞,2,2
不可避,名詞,2,2
不名誉,名詞,2,2
不器用,名詞,2,2
不妊,名詞,2,2
処置,名詞,2,1
処女,名詞,2,2
処す,動詞,2,2
准,名詞,2,2
冷酷,名詞,2,2
冷える,動詞,2,1
腸チフス,名詞,2,2
反旗,名詞,2,2
ヒステリック,名詞,2,2
ダメージ,名詞,2,2
ドラマ,名詞,2,2
宮内庁,名詞,2,2
完璧,名詞,2,2
遅れる,動詞,2,2
タブー,名詞,2,2
継父,名詞,2,2
平静,名詞,2,2
居る,動詞,2,2
タリーナ,名詞,2,2
嫡子,名詞,2,2
平穏,名詞,2,1
考え,名詞,2,2
平気,名詞,2,2
聖火,名詞,2,1
ファッションデザイナー,名詞,2,2
始まり,名詞,2,2
尋ねる,動詞,2,2
釈放,名詞,2,2
干渉,名詞,2,2
幅広い,形容詞,2,2
道具,名詞,2,2
職人,名詞,2,2
宗室,名詞,2,1
年来,名詞,2,2
ハネムーン,名詞,2,2
嫡孫,名詞,2,2
学習,名詞,2,2
宣誓,名詞,2,1
繋がる,動詞,2,2
テル,名詞,2,2
遍歴,名詞,2,1
繊細,名詞,2,2
ハウステンボス,名詞,2,2
妨げる,動詞,2,2
フィッシャー,名詞,2,1
官職,名詞,2,2
繁栄,名詞,2,2
居場所,名詞,2,2
美,名詞,2,2
ダル,名詞,2,2
工作,名詞,2,2
将,名詞,2,2
適性,名詞,2,2
ファン,名詞,2,2
トップ,名詞,2,2
タイ,名詞,2,2
タイミング,名詞,2,1
ダイエット,名詞,2,1
ヒラリー,名詞,2,2
ファシズム,名詞,2,1
ダグラス,名詞,2,1
威儀,名詞,2,1
背後,名詞,2,2
パウリ,名詞,2,2
連続,名詞,2,2
練る,動詞,2,1
娶る,動詞,2,2
総合,名詞,2,2
耐え難い,形容詞,2,1
還俗,名詞,2,2
学院,名詞,2,2
ビジネス,名詞,2,2
ビジョン,名詞,2,2
ハンサム,名詞,2,2
総括,名詞,2,2
トーマス,名詞,2,2
酔っぱらう,動詞,2,2
小競り合い,名詞,2,1
肩書,名詞,2,2
美徳,名詞,2,1
ビバリーヒルズ,名詞,2,1
酒飲み,名詞,2,2
美少女,名詞,2,2
過ぎ,名詞,2,2
選定,名詞,2,1
巧み,名詞,2,2
ヒル,名詞,2,2
姓名,名詞,2,2
常駐,名詞,2,2
ビザ,名詞,2,2
姦通,名詞,2,2
小,名詞,2,2
家憲,名詞,2,1
トンネル,名詞,2,1
連携,名詞,2,2
ハリー,名詞,2,2
部門,名詞,2,2
小島,名詞,2,1
遺志,名詞,2,2
常々,名詞,2,1
パナマ,名詞,2,1
常,名詞,2,2
綴る,動詞,2,2
遅らせる,動詞,2,2
ダイヤモンド,名詞,2,1
帰省,名詞,2,1
姻戚,名詞,2,2
崖,名詞,2,2
婦人,名詞,2,2
遺族,名詞,2,2
女たらし,名詞,2,2
富裕,名詞,2,2
広める,動詞,2,2
バプテスマ,名詞,2,1
習慣,名詞,2,2
進行,名詞,2,2
対決,名詞,2,2
脳膜炎,名詞,2,2
富,名詞,2,2
チャンネル,名詞,2,2
帆船,名詞,2,1
広まる,動詞,2,2
腎,名詞,2,2
実施,名詞,2,2
過激,名詞,2,2
密通,名詞,2,2
翻す,動詞,2,2
ニューオーリンズ,名詞,2,1
尻,名詞,2,2
パレルモ,名詞,2,2
山師,名詞,2,1
バッハ,名詞,2,2
パー,名詞,2,2
習う,動詞,2,2
広範囲,名詞,2,2
パン,名詞,2,2
羽田空港,名詞,2,1
聖体,名詞,2,1
山,名詞,2,2
寵,名詞,2,2
通常,名詞,2,2
層,名詞,2,2
通用,名詞,2,2
腐敗,名詞,2,2
聖人,名詞,2,2
審問,名詞,2,1
パルチザン,名詞,2,1
翌月,名詞,2,2
避寒,名詞,2,1
奨励,名詞,2,2
実る,動詞,2,2
実兄,名詞,2,2
奨学,名詞,2,2
宝冠章,名詞,2,2
実妹,名詞,2,2
ネタ,名詞,2,2
山地,名詞,2,2
腐心,名詞,2,2
宮内,名詞,2,2
フランク,名詞,2,2
ハンブルク,名詞,2,2
酒,名詞,2,2
ダン,名詞,2,2
学会,名詞,2,1
宿泊,名詞,2,1
ハイチ,名詞,2,2
絶縁,名詞,2,2
封土,名詞,2,2
尼僧,名詞,2,2
老齢,名詞,2,1
フィーバー,名詞,2,1
重用,名詞,2,2
定か,名詞,2,2
幼子,名詞,2,2
ハンナ,名詞,2,2
連れ子,名詞,2,2
専属,名詞,2,2
連れ帰る,動詞,2,2
幹部,名詞,2,1
就寝,名詞,2,2
好色,名詞,2,2
好都合,名詞,2,2
脅迫,名詞,2,2
フィラデルフィア,名詞,2,2
罷免,名詞,2,2
崇拝,名詞,2,2
寂しい,形容詞,2,2
達する,動詞,2,2
デリー,名詞,2,2
ノー,名詞,2,2
翻訳,名詞,2,1
造詣,名詞,2,2
デパート,名詞,2,2
パブリック,名詞,2,2
罪人,名詞,2,2
幾,名詞,2,2
ニュー,名詞,2,2
遊び,名詞,2,2
ダンサー,名詞,2,2
絶望,名詞,2,2
屋外,名詞,2,2
連ねる,動詞,2,2
フライパン,名詞,2,1
賛美,名詞,1,1
鑑定,名詞,1,1
美々しい,形容詞,1,1
略奪,名詞,1,1
賛辞,名詞,1,1
親政,名詞,1,1
養,名詞,1,1
略す,動詞,1,1
羊毛,名詞,1,1
親心,名詞,1,1
鑑識,名詞,1,1
親衛隊,名詞,1,1
親善,名詞,1,1
通園,名詞,1,1
画業,名詞,1,1
遺憾,名詞,1,1
解散,名詞,1,1
鎮火,名詞,1,1
遺贈,名詞,1,1
鎮座,名詞,1,1
馬頭,名詞,1,1
馴染み,名詞,1,1
貼る,動詞,1,1
解説,名詞,1,1
罵る,動詞,1,1
解釈,名詞,1,1
解雇,名詞,1,1
触れ合い,名詞,1,1
触れ合う,動詞,1,1
遺髪,名詞,1,1
言,名詞,1,1
申込,名詞,1,1
素振り,名詞,1,1
言いなり,名詞,1,1
申告,名詞,1,1
言い争う,動詞,1,1
言い寄る,動詞,1,1
罰,名詞,1,1
言い放つ,動詞,1,1
申し渡す,動詞,1,1
遺棄,名詞,1,1
男色,名詞,1,1
親許,名詞,1,1
羊,名詞,1,1
饗宴,名詞,1,1
首尾,名詞,1,1
親類,名詞,1,1
畔,名詞,1,1
界隈,名詞,1,1
首座,名詞,1,1
鑑みる,動詞,1,1
鐘,名詞,1,1
紙面,名詞,1,1
観客,名詞,1,1
観察,名詞,1,1
観点,名詞,1,1
観衆,名詞,1,1
鏡,名詞,1,1
角度,名詞,1,1
解く,動詞,1,1
解す,動詞,1,1
紛れる,動詞,1,1
画才,名詞,1,1
紛れ込む,動詞,1,1
賛意,名詞,1,1
資源,名詞,1,1
馬場,名詞,1,1
鑑賞,名詞,1,1
食,名詞,1,1
略語,名詞,1,1
疲れ,名詞,1,1
見た目,名詞,1,1
顔立ち,名詞,1,1
見つけ出す,動詞,1,1
見て取れる,動詞,1,1
見どころ,名詞,1,1
顕示,名詞,1,1
顕著,名詞,1,1
精,名詞,1,1
見下す,動詞,1,1
見世物,名詞,1,1
精査,名詞,1,1
見初める,動詞,1,1
疲れる,動詞,1,1
遠隔,名詞,1,1
糾弾,名詞,1,1
精神病,名詞,1,1
見合わせる,動詞,1,1
起源,名詞,1,1
適任,名詞,1,1
系列,名詞,1,1
適合,名詞,1,1
見地,名詞,1,1
見学,名詞,1,1
疑わしい,形容詞,1,1
風光,名詞,1,1
風呂,名詞,1,1
義捐,名詞,1,1
適応,名詞,1,1
病没,名詞,1,1
超す,動詞,1,1
見かける,動詞,1,1
見かけ,名詞,1,1
跡,名詞,1,1
要員,名詞,1,1
籍,名詞,1,1
痩せる,動詞,1,1
籠,名詞,1,1
痩せこける,動詞,1,1
痛烈,名詞,1,1
米,名詞,1,1
足止め,名詞,1,1
羽,名詞,1,1
遠く,名詞,1,1
要約,名詞,1,1
題する,動詞,1,1
痛み,名詞,1,1
要素,名詞,1,1
題材,名詞,1,1
足らず,名詞,1,1
米国,名詞,1,1
遠因,名詞,1,1
症例,名詞,1,1
額,名詞,1,1
越境,名詞,1,1
病的,名詞,1,1
覇,名詞,1,1
見いだす,動詞,1,1
顔出し,名詞,1,1
越す,動詞,1,1
起伏,名詞,1,1
疑い,名詞,1,1
飾り,名詞,1,1
親元,名詞,1,1
食い違う,動詞,1,1
食う,動詞,1,1
異性,名詞,1,1
異彩,名詞,1,1
贈呈,名詞,1,1
視点,名詞,1,1
贈与,名詞,1,1
選択肢,名詞,1,1
異動,名詞,1,1
覚悟,名詞,1,1
親しみ,名詞,1,1
美代子,名詞,1,1
食らう,動詞,1,1
純血,名詞,1,1
見捨てる,動詞,1,1
遺伝子,名詞,1,1
食器,名詞,1,1
賭博,名詞,1,1
賭け,名詞,1,1
食欲,名詞,1,1
食糧,名詞,1,1
番,名詞,1,1
飢餓,名詞,1,1
飲み込む,動詞,1,1
賢雄,名詞,1,1
飼い殺し,名詞,1,1
飼育,名詞,1,1
賢明,名詞,1,1
食いで,名詞,1,1
選手権,名詞,1,1
規制,名詞,1,1
見通し,名詞,1,1
遮断,名詞,1,1
走り回る,動詞,1,1
疎外,名詞,1,1
疎む,動詞,1,1
風車,名詞,1,1
長丁場,名詞,1,1
長らえる,動詞,1,1
義勇軍,名詞,1,1
飛ばす,動詞,1,1
異議,名詞,1,1
飛び交う,動詞,1,1
見渡せる,動詞,1,1
飛び回る,動詞,1,1
赤字,名詞,1,1
羨望,名詞,1,1
飛び込む,動詞,1,1
羨ましい,形容詞,1,1
群,名詞,1,1
赤ん坊,名詞,1,1
見苦しい,形容詞,1,1
見計らう,動詞,1,1
見識,名詞,1,1
見返り,名詞,1,1
見送り,名詞,1,1
飛躍,名詞,1,1
美術家,名詞,1,1
純然,名詞,1,1
申し分,名詞,1,1
部族,名詞,1,1
言い方,名詞,1,1
絞首刑,名詞,1,1
重んじる,動詞,1,1
誉めそやす,動詞,1,1
継子,名詞,1,1
誉れ,名詞,1,1
警告,名詞,1,1
継げる,動詞,1,1
重体,名詞,1,1
結腸,名詞,1,1
麻酔,名詞,1,1
王公,名詞,1,1
黄熱病,名詞,1,1
重大,名詞,1,1
識字,名詞,1,1
黄疸,名詞,1,1
率直,名詞,1,1
麻生,名詞,1,1
金持ち,名詞,1,1
誘う,動詞,1,1
絡み合う,動詞,1,1
重婚,名詞,1,1
率先,名詞,1,1
給与,名詞,1,1
給費,名詞,1,1
謳歌,名詞,1,1
語り,名詞,1,1
重宝,名詞,1,1
金地,名詞,1,1
黄色,名詞,1,1
獣医,名詞,1,1
語り継ぐ,動詞,1,1
釘付け,名詞,1,1
警察官,名詞,1,1
駆け落ち,名詞,1,1
鳴らす,動詞,1,1
詩編,名詞,1,1
詩集,名詞,1,1
詫びる,動詞,1,1
譲り受ける,動詞,1,1
現実味,名詞,1,1
緊迫,名詞,1,1
魔,名詞,1,1
現実,名詞,1,1
現存,名詞,1,1
詰まる,動詞,1,1
詰め掛ける,動詞,1,1
緊密,名詞,1,1
鳥丸,名詞,1,1
鳥類,名詞,1,1
綱,名詞,1,1
誇大,名詞,1,1
班,名詞,1,1
議長,名詞,1,1
続行,名詞,1,1
詰め込む,動詞,1,1
玩具,名詞,1,1
話し相手,名詞,1,1
鳴り響く,動詞,1,1
鷹揚,名詞,1,1
議席,名詞,1,1
鹿,名詞,1,1
該当,名詞,1,1
重い,形容詞,1,1
重き,名詞,1,1
詳細,名詞,1,1
獄中,名詞,1,1
重点,名詞,1,1
絹,名詞,1,1
調合,名詞,1,1
狙撃,名詞,1,1
黙殺,名詞,1,1
課する,動詞,1,1
課題,名詞,1,1
狙い,名詞,1,1
狂喜,名詞,1,1
狂乱,名詞,1,1
狂う,動詞,1,1
誹る,動詞,1,1
絵師,名詞,1,1
鼻,名詞,1,1
犯罪,名詞,1,1
犯人,名詞,1,1
調印,名詞,1,1
犠牲,名詞,1,1
講義,名詞,1,1
調達,名詞,1,1
特許,名詞,1,1
請う,動詞,1,1
特異,名詞,1,1
諜報,名詞,1,1
論調,名詞,1,1
重苦しい,形容詞,1,1
特番,名詞,1,1
論破,名詞,1,1
特産,名詞,1,1
５,名詞,1,1
特派,名詞,1,1
特注,名詞,1,1
絶叫,名詞,1,1
諭,名詞,1,1
野山,名詞,1,1
狩り,名詞,1,1
重臣,名詞,1,1
献辞,名詞,1,1
野次馬,名詞,1,1
誤報,名詞,1,1
誤記,名詞,1,1
献じる,動詞,1,1
誤診,名詞,1,1
重税,名詞,1,1
猫,名詞,1,1
野望,名詞,1,1
猥褻,名詞,1,1
謀殺,名詞,1,1
謀反,名詞,1,1
説く,動詞,1,1
黒みがかる,動詞,1,1
謀る,動詞,1,1
独自,名詞,1,1
諸説,名詞,1,1
統率,名詞,1,1
絶筆,名詞,1,1
絶版,名詞,1,1
読み,名詞,1,1
独断,名詞,1,1
読む,動詞,1,1
独占,名詞,1,1
諸事,名詞,1,1
黒貂,名詞,1,1
読唇術,名詞,1,1
諮問,名詞,1,1
読者,名詞,1,1
現状,名詞,1,1
魅,名詞,1,1
球根,名詞,1,1
縫う,動詞,1,1
騒がしい,形容詞,1,1
貧富,名詞,1,1
邦題,名詞,1,1
録画,名詞,1,1
生真面目,名詞,1,1
騒ぐ,動詞,1,1
生産,名詞,1,1
繋がり,名詞,1,1
騒動,名詞,1,1
要る,動詞,1,1
繁い,形容詞,1,1
終戦,名詞,1,1
驚かす,動詞,1,1
生水,名詞,1,1
縛り付ける,動詞,1,1
設計,名詞,1,1
生来,名詞,1,1
生徒,名詞,1,1
終盤,名詞,1,1
生年,名詞,1,1
財閥,名詞,1,1
財政難,名詞,1,1
錦,名詞,1,1
鋼,名詞,1,1
鋭い,形容詞,1,1
財力,名詞,1,1
訪露,名詞,1,1
設備,名詞,1,1
財,名詞,1,1
縁者,名詞,1,1
記帳,名詞,1,1
録音,名詞,1,1
生起,名詞,1,1
貨幣,名詞,1,1
申,名詞,1,1
鎖,名詞,1,1
貸す,動詞,1,1
由緒,名詞,1,1
駆る,動詞,1,1
貸し出す,動詞,1,1
貸し,名詞,1,1
駐留,名詞,1,1
駐車,名詞,1,1
駒,名詞,1,1
訂正,名詞,1,1
騎,名詞,1,1
細かい,形容詞,1,1
用品,名詞,1,1
訃報,名詞,1,1
細心,名詞,1,1
細部,名詞,1,1
産院,名詞,1,1
貴重,名詞,1,1
貴賎,名詞,1,1
計算,名詞,1,1
産婦人科,名詞,1,1
産休,名詞,1,1
討論,名詞,1,1
纏う,動詞,1,1
貪欲,名詞,1,1
販売,名詞,1,1
託児,名詞,1,1
騎馬,名詞,1,1
生める,動詞,1,1
練習,名詞,1,1
鈍重,名詞,1,1
経緯,名詞,1,1
総統,名詞,1,1
甘んじる,動詞,1,1
証書,名詞,1,1
豚,名詞,1,1
酒好き,名詞,1,1
豊明,名詞,1,1
鉱泉,名詞,1,1
鉱山,名詞,1,1
環,名詞,1,1
瑣末,名詞,1,1
鉱夫,名詞,1,1
評議,名詞,1,1
理財,名詞,1,1
理論,名詞,1,1
詠む,動詞,1,1
負かす,動詞,1,1
経費,名詞,1,1
高額,名詞,1,1
髪の毛,名詞,1,1
試み,名詞,1,1
髪形,名詞,1,1
鬘,名詞,1,1
経過,名詞,1,1
鉄製,名詞,1,1
魂,名詞,1,1
鉄兜,名詞,1,1
鉄,名詞,1,1
理想,名詞,1,1
理学,名詞,1,1
譲歩,名詞,1,1
甘受,名詞,1,1
高貴,名詞,1,1
銅メダル,名詞,1,1
配信,名詞,1,1
負い目,名詞,1,1
生み,名詞,1,1
生まれ故郷,名詞,1,1
許可ない,形容詞,1,1
終身,名詞,1,1
高円宮,名詞,1,1
緩衝,名詞,1,1
緩和,名詞,1,1
緩む,動詞,1,1
高官,名詞,1,1
編集,名詞,1,1
豪邸,名詞,1,1
論文,名詞,1,1
編纂,名詞,1,1
都落ち,名詞,1,1
生け花,名詞,1,1
生き返る,動詞,1,1
豪族,名詞,1,1
高慢,名詞,1,1
高揚,名詞,1,1
配し,名詞,1,1
診る,動詞,1,1
経,名詞,1,1
締める,動詞,1,1
線路,名詞,1,1
総領事,名詞,1,1
配下,名詞,1,1
豪奢,名詞,1,1
総計,名詞,1,1
羽根,名詞,1,1
発音,名詞,1,1
頼み込む,動詞,1,1
種々,名詞,1,1
返事,名詞,1,1
稼ぎ,名詞,1,1
肺病,名詞,1,1
関す,動詞,1,1
返却,名詞,1,1
関わり,名詞,1,1
隠れ家,名詞,1,1
草分け,名詞,1,1
隠れ,名詞,1,1
破格,名詞,1,1
胃癌,名詞,1,1
隙間,名詞,1,1
隙,名詞,1,1
返答,名詞,1,1
進出,名詞,1,1
積む,動詞,1,1
返し,名詞,1,1
近隣,名詞,1,1
茫然,名詞,1,1
近辺,名詞,1,1
進撃,名詞,1,1
積荷,名詞,1,1
茶器,名詞,1,1
肺がん,名詞,1,1
進歩,名詞,1,1
茶道,名詞,1,1
石井,名詞,1,1
矯正,名詞,1,1
育児,名詞,1,1
穏便,名詞,1,1
間際,名詞,1,1
迫撃,名詞,1,1
苦しみ,名詞,1,1
迷惑,名詞,1,1
追い払う,動詞,1,1
花形,名詞,1,1
追い込む,動詞,1,1
関脇,名詞,1,1
花束,名詞,1,1
隅,名詞,1,1
花火,名詞,1,1
芳しい,形容詞,1,1
連日,名詞,1,1
芸,名詞,1,1
隅っこ,名詞,1,1
確かめる,動詞,1,1
碧眼,名詞,1,1
芸名,名詞,1,1
階層,名詞,1,1
硬化,名詞,1,1
税金,名詞,1,1
芽生える,動詞,1,1
階段,名詞,1,1
追いまわす,動詞,1,1
若死,名詞,1,1
若者,名詞,1,1
苦,名詞,1,1
苦々しい,形容詞,1,1
税制,名詞,1,1
苦い,形容詞,1,1
背中,名詞,1,1
隔てる,動詞,1,1
連載,名詞,1,1
隔週,名詞,1,1
税収,名詞,1,1
育む,動詞,1,1
隣る,動詞,1,1
難局,名詞,1,1
肉,名詞,1,1
落馬,名詞,1,1
落着,名詞,1,1
職務,名詞,1,1
職員,名詞,1,1
離れ離れ,名詞,1,1
窓口,名詞,1,1
落命,名詞,1,1
草稿,名詞,1,1
落下,名詞,1,1
知れ渡る,動詞,1,1
突然変異,名詞,1,1
突入,名詞,1,1
肉筆,名詞,1,1
落ち込む,動詞,1,1
窘める,動詞,1,1
遅れ,名詞,1,1
離村,名詞,1,1
農家,名詞,1,1
窮地,名詞,1,1
葛藤,名詞,1,1
難,名詞,1,1
窮状,名詞,1,1
開館,名詞,1,1
開設,名詞,1,1
遅刻,名詞,1,1
葬送,名詞,1,1
農地,名詞,1,1
聴覚,名詞,1,1
難い,形容詞,1,1
農園,名詞,1,1
辣腕,名詞,1,1
雑記,名詞,1,1
知己,名詞,1,1
込み,名詞,1,1
知遇,名詞,1,1
荒っぽい,形容詞,1,1
究明,名詞,1,1
空,名詞,1,1
雅子,名詞,1,1
集う,動詞,1,1
空っぽ,名詞,1,1
間近,名詞,1,1
荷物,名詞,1,1
育てあげる,動詞,1,1
集まり,名詞,1,1
進級,名詞,1,1
菊五郎,名詞,1,1
近寄る,動詞,1,1
華,名詞,1,1
集合,名詞,1,1
込む,動詞,1,1
知識欲,名詞,1,1
集団,名詞,1,1
集結,名詞,1,1
空襲,名詞,1,1
近付く,動詞,1,1
華やぐ,動詞,1,1
華燭の典,名詞,1,1
集英社,名詞,1,1
進軍,名詞,1,1
落ち合う,動詞,1,1
近しい,形容詞,1,1
肩書き,名詞,1,1
突っぱねる,動詞,1,1
肥立ち,名詞,1,1
陽子,名詞,1,1
陽動,名詞,1,1
陽,名詞,1,1
途,名詞,1,1
神父,名詞,1,1
神経,名詞,1,1
阿諛,名詞,1,1
造反,名詞,1,1
逆行,名詞,1,1
自失,名詞,1,1
附属,名詞,1,1
追える,動詞,1,1
速報,名詞,1,1
降らせる,動詞,1,1
神話,名詞,1,1
自叙伝,名詞,1,1
祭り,名詞,1,1
脳出血,名詞,1,1
神様,名詞,1,1
神戸,名詞,1,1
自尊心,名詞,1,1
連なる,動詞,1,1
脱線,名詞,1,1
陣営,名詞,1,1
神々しい,形容詞,1,1
逆らえる,動詞,1,1
逆らう,動詞,1,1
防災,名詞,1,1
祝電,名詞,1,1
自意識,名詞,1,1
自慢,名詞,1,1
闘病,名詞,1,1
祝日,名詞,1,1
祝意,名詞,1,1
逆と,名詞,1,1
祭壇,名詞,1,1
途方,名詞,1,1
秘書官,名詞,1,1
臆測,名詞,1,1
降臨,名詞,1,1
通告,名詞,1,1
私財,名詞,1,1
降誕祭,名詞,1,1
私欲,名詞,1,1
私服,名詞,1,1
私邸,名詞,1,1
通り過ぎる,動詞,1,1
通りすがり,名詞,1,1
通せる,動詞,1,1
通し,名詞,1,1
私人,名詞,1,1
秀でる,動詞,1,1
膠着,名詞,1,1
福,名詞,1,1
祷る,動詞,1,1
禍々しい,形容詞,1,1
臆病,名詞,1,1
禍,名詞,1,1
臣従,名詞,1,1
禁錮,名詞,1,1
秘か,名詞,1,1
秘す,動詞,1,1
降る,動詞,1,1
禁治産者,名詞,1,1
通行,名詞,1,1
脳腫瘍,名詞,1,1
途端,名詞,1,1
自任,名詞,1,1
脳卒中,名詞,1,1
自治領,名詞,1,1
逃避行,名詞,1,1
祝する,動詞,1,1
艦船,名詞,1,1
閣議,名詞,1,1
移り気,名詞,1,1
航海,名詞,1,1
退役,名詞,1,1
礼服,名詞,1,1
舵取り,名詞,1,1
陰,名詞,1,1
陰気,名詞,1,1
陰鬱,名詞,1,1
背負う,動詞,1,1
連夜,名詞,1,1
船舶,名詞,1,1
礼儀,名詞,1,1
連座,名詞,1,1
移民,名詞,1,1
胸部,名詞,1,1
示談,名詞,1,1
陸地,名詞,1,1
移築,名詞,1,1
示唆,名詞,1,1
良心,名詞,1,1
色々,名詞,1,1
磨く,動詞,1,1
連弾,名詞,1,1
磁器,名詞,1,1
陸海空,名詞,1,1
色白,名詞,1,1
確実視,名詞,1,1
移譲,名詞,1,1
追従,名詞,1,1
舟,名詞,1,1
陪審,名詞,1,1
自画,名詞,1,1
興国,名詞,1,1
脱す,動詞,1,1
自立,名詞,1,1
称する,動詞,1,1
脱ぐ,動詞,1,1
除名,名詞,1,1
除幕,名詞,1,1
脇,名詞,1,1
除籍,名詞,1,1
致命,名詞,1,1
興す,動詞,1,1
連れ立つ,動詞,1,1
脅かす,動詞,1,1
興味深い,形容詞,1,1
闘い,名詞,1,1
興奮,名詞,1,1
陥落,名詞,1,1
逃げ込む,動詞,1,1
興業,名詞,1,1
逃げ帰る,動詞,1,1
興行,名詞,1,1
閨,名詞,1,1
移せる,動詞,1,1
能,名詞,1,1
舞妓,名詞,1,1
祈り,名詞,1,1
舞踊,名詞,1,1
陥れる,動詞,1,1
送り出す,動詞,1,1
連れ込む,動詞,1,1
閥,名詞,1,1
蒐集,名詞,1,1
蒸気,名詞,1,1
跡取り,名詞,1,1
皇室,名詞,1,1
面識,名詞,1,1
閃光,名詞,1,1
面積,名詞,1,1
裁縫,名詞,1,1
面目,名詞,1,1
皇子,名詞,1,1
等しい,形容詞,1,1
裏千家,名詞,1,1
躾,名詞,1,1
被災,名詞,1,1
面白い,形容詞,1,1
被告,名詞,1,1
被る,動詞,1,1
袖,名詞,1,1
面食らう,動詞,1,1
筋書き,名詞,1,1
靴,名詞,1,1
鞭打つ,動詞,1,1
身重,名詞,1,1
皇位,名詞,1,1
考案,名詞,1,1
裂ける,動詞,1,1
道楽,名詞,1,1
韓国,名詞,1,1
考古学,名詞,1,1
百貨店,名詞,1,1
長者,名詞,1,1
装う,動詞,1,1
策謀,名詞,1,1
音声,名詞,1,1
装身具,名詞,1,1
閉じこめる,動詞,1,1
耐え忍ぶ,動詞,1,1
筆頭,名詞,1,1
盟主,名詞,1,1
非公開,名詞,1,1
過酷,名詞,1,1
盤石,名詞,1,1
軍歌,名詞,1,1
非凡,名詞,1,1
盤,名詞,1,1
表向き,名詞,1,1
表情,名詞,1,1
軍医,名詞,1,1
特段,名詞,1,1
表立つ,動詞,1,1
耳鼻,名詞,1,1
監修,名詞,1,1
非業,名詞,1,1
靡く,動詞,1,1
道ばた,名詞,1,1
軌道,名詞,1,1
道のり,名詞,1,1
面々,名詞,1,1
面す,動詞,1,1
表紙,名詞,1,1
盛る,動詞,1,1
車種,名詞,1,1
盛り込む,動詞,1,1
盛り上がる,動詞,1,1
表裏一体,名詞,1,1
盛り上がり,名詞,1,1
第三者,名詞,1,1
車椅子,名詞,1,1
車外,名詞,1,1
身勝手,名詞,1,1
裏口,名詞,1,1
瞬時,名詞,1,1
頭文字,名詞,1,1
発売,名詞,1,1
頭角,名詞,1,1
築堤,名詞,1,1
踏みにじる,動詞,1,1
発熱,名詞,1,1
複雑,名詞,1,1
頭上,名詞,1,1
白紙,名詞,1,1
長櫃,名詞,1,1
翻意,名詞,1,1
踏む,動詞,1,1
領有,名詞,1,1
領域,名詞,1,1
築ける,動詞,1,1
発効,名詞,1,1
発信,名詞,1,1
習熟,名詞,1,1
襲いかかる,動詞,1,1
頻度,名詞,1,1
発令,名詞,1,1
路上,名詞,1,1
習い,名詞,1,1
違憲,名詞,1,1
西アフリカ,名詞,1,1
発する,動詞,1,1
簡易,名詞,1,1
跡目,名詞,1,1
西欧,名詞,1,1
羽田,名詞,1,1
西部,名詞,1,1
頼み,名詞,1,1
老,名詞,1,1
裾,名詞,1,1
達成,名詞,1,1
身内,名詞,1,1
裏窓,名詞,1,1
裏腹,名詞,1,1
裕仁,名詞,1,1
白粉,名詞,1,1
頂点,名詞,1,1
項,名詞,1,1
白書,名詞,1,1
補う,動詞,1,1
白山,名詞,1,1
白人,名詞,1,1
算段,名詞,1,1
長老,名詞,1,1
順序,名詞,1,1
白,名詞,1,1
補充,名詞,1,1
範囲,名詞,1,1
補助,名詞,1,1
順番,名詞,1,1
登録,名詞,1,1
登極,名詞,1,1
補習,名詞,1,1
登る,動詞,1,1
須美,名詞,1,1
登り詰める,動詞,1,1
管轄,名詞,1,1
老舗,名詞,1,1
箸,名詞,1,1
私立,名詞,1,1
範,名詞,1,1
躍起,名詞,1,1
耽る,動詞,1,1
軍港,名詞,1,1
聖ニコラス,名詞,1,1
眼科,名詞,1,1
薬草,名詞,1,1
立ち消え,名詞,1,1
立ち止まる,動詞,1,1
眠れる,動詞,1,1
眺める,動詞,1,1
眼,名詞,1,1
遊興,名詞,1,1
衣類,名詞,1,1
軽度,名詞,1,1
軽減,名詞,1,1
立ち往生,名詞,1,1
聞き及ぶ,動詞,1,1
聞き届ける,動詞,1,1
遊び回る,動詞,1,1
軽傷,名詞,1,1
運び,名詞,1,1
軽い,形容詞,1,1
眠り込む,動詞,1,1
真昼,名詞,1,1
運び込む,動詞,1,1
真性,名詞,1,1
真剣,名詞,1,1
震え上がる,動詞,1,1
運勢,名詞,1,1
虐殺,名詞,1,1
運命,名詞,1,1
転覆,名詞,1,1
虚しい,形容詞,1,1
開けっぴろげ,名詞,1,1
真似,名詞,1,1
虚弱,名詞,1,1
薬局,名詞,1,1
着こなす,動詞,1,1
立ち向かえる,動詞,1,1
薔薇色,名詞,1,1
蒸留,名詞,1,1
辟易,名詞,1,1
瞑る,動詞,1,1
辞める,動詞,1,1
蔑称,名詞,1,1
蔑視,名詞,1,1
辞す,動詞,1,1
蔓延,名詞,1,1
辞,名詞,1,1
薄幸,名詞,1,1
開戦,名詞,1,1
薄弱,名詞,1,1
立ちあがる,動詞,1,1
開廷,名詞,1,1
立ち会い,名詞,1,1
聞こえる,動詞,1,1
輸出,名詞,1,1
難産,名詞,1,1
薫陶,名詞,1,1
難破,名詞,1,1
難聴,名詞,1,1
着替える,動詞,1,1
遊び人,名詞,1,1
開店,名詞,1,1
着想,名詞,1,1
着心地,名詞,1,1
輝かしい,形容詞,1,1
立ち入り,名詞,1,1
載せる,動詞,1,1
軽視,名詞,1,1
虜,名詞,1,1
真,名詞,1,1
転職,名詞,1,1
行列,名詞,1,1
聖母,名詞,1,1
閉店,名詞,1,1
直感,名詞,1,1
行き,名詞,1,1
青地,名詞,1,1
過ぎ去る,動詞,1,1
直す,動詞,1,1
直々,名詞,1,1
転向,名詞,1,1
盲人,名詞,1,1
過剰,名詞,1,1
閉会,名詞,1,1
過失,名詞,1,1
閉め出す,動詞,1,1
転任,名詞,1,1
行える,動詞,1,1
童話,名詞,1,1
行状,名詞,1,1
過敏,名詞,1,1
端麗,名詞,1,1
青色,名詞,1,1
静,名詞,1,1
聖域,名詞,1,1
目次,名詞,1,1
競争,名詞,1,1
静けさ,名詞,1,1
過程,名詞,1,1
笑わせる,動詞,1,1
衣料,名詞,1,1
衣服,名詞,1,1
露骨,名詞,1,1
竜騎兵,名詞,1,1
震撼,名詞,1,1
蜂の巣,名詞,1,1
霊,名詞,1,1
看破,名詞,1,1
虹,名詞,1,1
霊前,名詞,1,1
運用,名詞,1,1
看守,名詞,1,1
聞かす,動詞,1,1
聖霊,名詞,1,1
蛇,名詞,1,1
霊感,名詞,1,1
眉毛,名詞,1,1
立会う,動詞,1,1
立国,名詞,1,1
霊魂,名詞,1,1
立役者,名詞,1,1
行い,名詞,1,1
融和,名詞,1,1
立憲,名詞,1,1
立派,名詞,1,1
相性,名詞,1,1
転校,名詞,1,1
血まみれ,名詞,1,1
転戦,名詞,1,1
血塗れ,名詞,1,1
血液,名詞,1,1
転属,名詞,1,1
立腹,名詞,1,1
開き直る,動詞,1,1
血脈,名詞,1,1
相まつ,動詞,1,1
絵葉書,名詞,1,1
引き出す,動詞,1,1
特殊,名詞,1,1
一役,名詞,1,1
一報,名詞,1,1
一因,名詞,1,1
一同,名詞,1,1
一人暮らし,名詞,1,1
ヴァイオリン,名詞,1,1
ワード,名詞,1,1
ワーグナー,名詞,1,1
ワルシャワ,名詞,1,1
ワイン,名詞,1,1
ローラン,名詞,1,1
ローラ,名詞,1,1
ローズ,名詞,1,1
ロー,名詞,1,1
ロマン,名詞,1,1
ロック,名詞,1,1
一夜,名詞,1,1
一息,名詞,1,1
ロスト,名詞,1,1
一括,名詞,1,1
一身,名詞,1,1
一躍,名詞,1,1
一蹴,名詞,1,1
一足,名詞,1,1
一貫,名詞,1,1
一角,名詞,1,1
一般人,名詞,1,1
一群,名詞,1,1
一端,名詞,1,1
一瞬,名詞,1,1
一男,名詞,1,1
一様,名詞,1,1
一月,名詞,1,1
一族郎党,名詞,1,1
一新,名詞,1,1
ロダン,名詞,1,1
ロウソク,名詞,1,1
丁寧,名詞,1,1
リール,名詞,1,1
リース,名詞,1,1
リンゴ,名詞,1,1
リンカーン,名詞,1,1
リレー,名詞,1,1
リレハンメル,名詞,1,1
リリース,名詞,1,1
リボン,名詞,1,1
リナ,名詞,1,1
リッチ,名詞,1,1
リゾート,名詞,1,1
リスト,名詞,1,1
ラヴ,名詞,1,1
ラブレター,名詞,1,1
ラバト,名詞,1,1
ラテン,名詞,1,1
リーダー,名詞,1,1
ルック,名詞,1,1
レーニン,名詞,1,1
ルネサンス,名詞,1,1
レート,名詞,1,1
レーザ,名詞,1,1
レーガン,名詞,1,1
レンツ,名詞,1,1
レマン,名詞,1,1
レディー,名詞,1,1
レット,名詞,1,1
レジオンドヌール,名詞,1,1
レザー,名詞,1,1
ルート,名詞,1,1
ルース,名詞,1,1
ル・マン,名詞,1,1
ルンド,名詞,1,1
ルミ,名詞,1,1
ルビー,名詞,1,1
一門,名詞,1,1
七月,名詞,1,1
ラスベガス,名詞,1,1
並べる,動詞,1,1
両脚,名詞,1,1
両立,名詞,1,1
両人,名詞,1,1
両,名詞,1,1
丘,名詞,1,1
世辞,名詞,1,1
世俗,名詞,1,1
世代,名詞,1,1
世人,名詞,1,1
与党,名詞,1,1
与する,動詞,1,1
不道徳,名詞,1,1
不運,名詞,1,1
不遇,名詞,1,1
不評,名詞,1,1
並び,名詞,1,1
並み,名詞,1,1
不確か,名詞,1,1
並行,名詞,1,1
主人公,名詞,1,1
丹念,名詞,1,1
丸い,形容詞,1,1
中高年,名詞,1,1
中途,名詞,1,1
中身,名詞,1,1
中絶,名詞,1,1
中級,名詞,1,1
中曽根,名詞,1,1
中旬,名詞,1,1
中年,名詞,1,1
中央,名詞,1,1
中国人,名詞,1,1
中佐,名詞,1,1
中世,名詞,1,1
不美人,名詞,1,1
不治の病,名詞,1,1
万事,名詞,1,1
下宿,名詞,1,1
下品,名詞,1,1
下りる,動詞,1,1
上達,名詞,1,1
上述,名詞,1,1
上訴,名詞,1,1
上目,名詞,1,1
上田,名詞,1,1
上演,名詞,1,1
上旬,名詞,1,1
上層,名詞,1,1
上半身,名詞,1,1
上げ,名詞,1,1
丈,名詞,1,1
万能,名詞,1,1
万博,名詞,1,1
下地,名詞,1,1
下心,名詞,1,1
不治,名詞,1,1
下敷き,名詞,1,1
不機嫌,名詞,1,1
不明瞭,名詞,1,1
不文,名詞,1,1
不摂生,名詞,1,1
不振,名詞,1,1
不承不承,名詞,1,1
不成立,名詞,1,1
不審火,名詞,1,1
不品行,名詞,1,1
不吉,名詞,1,1
不信,名詞,1,1
不人気,名詞,1,1
下落,名詞,1,1
下級,名詞,1,1
下痢,名詞,1,1
ラップランド,名詞,1,1
ラス,名詞,1,1
ヒース,名詞,1,1
プロデュース,名詞,1,1
プロクター,名詞,1,1
プリンストン大学,名詞,1,1
プリン,名詞,1,1
プリマス,名詞,1,1
プラットフォーム,名詞,1,1
ブーム,名詞,1,1
ブーケ,名詞,1,1
ブロードウェイ,名詞,1,1
ブローチ,名詞,1,1
ブルームバーグ,名詞,1,1
ブルーホール,名詞,1,1
ブルース,名詞,1,1
ブルー,名詞,1,1
ブルックス,名詞,1,1
ブリッジ,名詞,1,1
プログラム,名詞,1,1
プロフィール,名詞,1,1
ブックメーカー,名詞,1,1
プール,名詞,1,1
ホルスタイン,名詞,1,1
ホバート,名詞,1,1
ホッケー,名詞,1,1
ホセ,名詞,1,1
ホスト,名詞,1,1
ペーパー,名詞,1,1
ペンダント,名詞,1,1
ペン,名詞,1,1
ペット,名詞,1,1
ペセタ,名詞,1,1
ペア,名詞,1,1
ベートーベン,名詞,1,1
ベストセラー,名詞,1,1
ヘルニア,名詞,1,1
ヘッド,名詞,1,1
ブラック,名詞,1,1
ブタ,名詞,1,1
ホー,名詞,1,1
フィルム,名詞,1,1
フィガロ,名詞,1,1
ファー,名詞,1,1
ファル,名詞,1,1
ファッションモデル,名詞,1,1
ファッションショー,名詞,1,1
ピンク色,名詞,1,1
ピラー,名詞,1,1
ピューリタン,名詞,1,1
ピストル,名詞,1,1
ピサ,名詞,1,1
ピアニスト,名詞,1,1
ビル,名詞,1,1
ビョルン,名詞,1,1
ビューティー,名詞,1,1
ビジュアル,名詞,1,1
フィナーレ,名詞,1,1
フィート,名詞,1,1
ブス,名詞,1,1
フェラーリ,名詞,1,1
ブエノスアイレス,名詞,1,1
ブイヨン,名詞,1,1
フー,名詞,1,1
フンボルト,名詞,1,1
フロー,名詞,1,1
フロイド,名詞,1,1
フロイト,名詞,1,1
フレンチ,名詞,1,1
フルネーム,名詞,1,1
フリーランサー,名詞,1,1
フランクフルト,名詞,1,1
フラン,名詞,1,1
フラ,名詞,1,1
フトン,名詞,1,1
フォークランド,名詞,1,1
ホンダ,名詞,1,1
ホームシック,名詞,1,1
ラウンド,名詞,1,1
モー,名詞,1,1
モントリオール,名詞,1,1
モル,名詞,1,1
モニカ,名詞,1,1
モス,名詞,1,1
メロドラマ,名詞,1,1
メルボルン,名詞,1,1
メルセデス・ベンツ,名詞,1,1
メドレー,名詞,1,1
メトロ,名詞,1,1
メッセージ,名詞,1,1
メダリスト,名詞,1,1
メキシコシティ,名詞,1,1
メイン,名詞,1,1
メイク,名詞,1,1
ムーア,名詞,1,1
モンロー,名詞,1,1
モータースポーツ,名詞,1,1
ムツ,名詞,1,1
モーターボート,名詞,1,1
ライブ,名詞,1,1
ライフスタイル,名詞,1,1
ライダー,名詞,1,1
ライ,名詞,1,1
ヨハネ,名詞,1,1
ヨガ,名詞,1,1
ユートピア,名詞,1,1
ユース,名詞,1,1
ユトレヒト,名詞,1,1
ユキ,名詞,1,1
ヤード,名詞,1,1
ヤン,名詞,1,1
ヤルタ,名詞,1,1
ヤノフ,名詞,1,1
モーリス,名詞,1,1
ムリ,名詞,1,1
ミンスク,名詞,1,1
ボア,名詞,1,1
マナー,名詞,1,1
マスク,名詞,1,1
マクドナルド,名詞,1,1
マイヤー,名詞,1,1
マイクロソフト,名詞,1,1
ポーツマス,名詞,1,1
ポーズ,名詞,1,1
ポー,名詞,1,1
ポルノ,名詞,1,1
ポリ,名詞,1,1
ボード,名詞,1,1
ボートレース,名詞,1,1
ボーデン,名詞,1,1
ボルボ,名詞,1,1
ボツワナ,名詞,1,1
ボックス,名詞,1,1
マッサージ,名詞,1,1
マニア,名詞,1,1
ミュージカル,名詞,1,1
マネージャー,名詞,1,1
ミステリー,名詞,1,1
ミシシッピ,名詞,1,1
マーフィー,名詞,1,1
マーストリヒト,名詞,1,1
マーサ,名詞,1,1
マーク,名詞,1,1
マンション,名詞,1,1
マルタン,名詞,1,1
マルク,名詞,1,1
マリリン,名詞,1,1
マラリア,名詞,1,1
マヨルカ,名詞,1,1
マムシ,名詞,1,1
ママ,名詞,1,1
マフ,名詞,1,1
主戦,名詞,1,1
主治医,名詞,1,1
主流,名詞,1,1
具体,名詞,1,1
兵器,名詞,1,1
共著,名詞,1,1
共用,名詞,1,1
共演,名詞,1,1
共和党,名詞,1,1
共働き,名詞,1,1
六男,名詞,1,1
公邸,名詞,1,1
公賓,名詞,1,1
公費,名詞,1,1
公認,名詞,1,1
公言,名詞,1,1
公衆,名詞,1,1
公舎,名詞,1,1
公職,名詞,1,1
兵隊,名詞,1,1
内々,名詞,1,1
公安,名詞,1,1
内助,名詞,1,1
冷やす,動詞,1,1
冷ます,動詞,1,1
冷え込む,動詞,1,1
冷え,名詞,1,1
冠状,名詞,1,1
冠婚葬祭,名詞,1,1
冠する,動詞,1,1
再任,名詞,1,1
内陸,名詞,1,1
内輪,名詞,1,1
内装,名詞,1,1
内臓,名詞,1,1
内心,名詞,1,1
内向,名詞,1,1
内務,名詞,1,1
公用,名詞,1,1
公会,名詞,1,1
冷蔵庫,名詞,1,1
先手,名詞,1,1
先天,名詞,1,1
先例,名詞,1,1
先住民,名詞,1,1
先ほど,名詞,1,1
先だって,名詞,1,1
充分,名詞,1,1
兄嫁,名詞,1,1
元通り,名詞,1,1
元老,名詞,1,1
元旦,名詞,1,1
元夫,名詞,1,1
元々,名詞,1,1
優雅,名詞,1,1
優勢,名詞,1,1
儀仗,名詞,1,1
先夫,名詞,1,1
先王,名詞,1,1
公休,名詞,1,1
光,名詞,1,1
全額,名詞,1,1
全焼,名詞,1,1
全快,名詞,1,1
全寮,名詞,1,1
全国,名詞,1,1
入隊,名詞,1,1
入門,名詞,1,1
入賞,名詞,1,1
入浴,名詞,1,1
入手,名詞,1,1
入国,名詞,1,1
免除,名詞,1,1
免れる,動詞,1,1
光栄,名詞,1,1
光る,動詞,1,1
冷涼,名詞,1,1
冷静,名詞,1,1
主演,名詞,1,1
前列,名詞,1,1
削ぐ,動詞,1,1
刷新,名詞,1,1
刷る,動詞,1,1
制度,名詞,1,1
利己,名詞,1,1
利く,動詞,1,1
利,名詞,1,1
別離,名詞,1,1
判定,名詞,1,1
初等,名詞,1,1
初恋,名詞,1,1
初回,名詞,1,1
刑死,名詞,1,1
刊行,名詞,1,1
切迫,名詞,1,1
前任,名詞,1,1
前半,名詞,1,1
切断,名詞,1,1
前向き,名詞,1,1
創業,名詞,1,1
創建,名詞,1,1
創始,名詞,1,1
割譲,名詞,1,1
割,名詞,1,1
剤,名詞,1,1
剣,名詞,1,1
前部,名詞,1,1
前身,名詞,1,1
前触れ,名詞,1,1
前者,名詞,1,1
前線,名詞,1,1
前歴,名詞,1,1
前提,名詞,1,1
前妻,名詞,1,1
切望,名詞,1,1
切実,名詞,1,1
凄惨,名詞,1,1
分ける,動詞,1,1
出馬,名詞,1,1
出迎える,動詞,1,1
出航,名詞,1,1
出所,名詞,1,1
出御,名詞,1,1
出展,名詞,1,1
出場,名詞,1,1
出合い,名詞,1,1
出仕,名詞,1,1
出せる,動詞,1,1
出しゃばる,動詞,1,1
凱旋,名詞,1,1
処罰,名詞,1,1
処分,名詞,1,1
処する,動詞,1,1
分け,名詞,1,1
分与,名詞,1,1
切れ目,名詞,1,1
分割払い,名詞,1,1
切れる,動詞,1,1
切り返す,動詞,1,1
切り盛り,名詞,1,1
切り替える,動詞,1,1
切り抜ける,動詞,1,1
切り抜き,名詞,1,1
切り売り,名詞,1,1
切り取る,動詞,1,1
切り出す,動詞,1,1
分離,名詞,1,1
分際,名詞,1,1
分間,名詞,1,1
分裂,名詞,1,1
分有,名詞,1,1
分封,名詞,1,1
僧,名詞,1,1
働きかける,動詞,1,1
働きかけ,名詞,1,1
代替わり,名詞,1,1
付添,名詞,1,1
付き合える,動詞,1,1
付きまとう,動詞,1,1
付きっきり,名詞,1,1
付,名詞,1,1
仕込む,動詞,1,1
仕方,名詞,1,1
仕官,名詞,1,1
仕切る,動詞,1,1
仕上げる,動詞,1,1
介添,名詞,1,1
今風,名詞,1,1
今夜,名詞,1,1
人類,名詞,1,1
人選,名詞,1,1
代役,名詞,1,1
代理人,名詞,1,1
人質,名詞,1,1
代目,名詞,1,1
会す,動詞,1,1
休廷,名詞,1,1
休む,動詞,1,1
休まる,動詞,1,1
伏せる,動詞,1,1
企図,名詞,1,1
企てる,動詞,1,1
任地,名詞,1,1
任じる,動詞,1,1
仲間入り,名詞,1,1
仲違い,名詞,1,1
仲人,名詞,1,1
仰天,名詞,1,1
仮住まい,名詞,1,1
令夫人,名詞,1,1
人身御供,名詞,1,1
人脈,名詞,1,1
働き,名詞,1,1
事柄,名詞,1,1
争点,名詞,1,1
争乱,名詞,1,1
予防,名詞,1,1
予期,名詞,1,1
亀裂,名詞,1,1
乳児,名詞,1,1
乱用,名詞,1,1
乱れる,動詞,1,1
九谷焼,名詞,1,1
乗員,名詞,1,1
乗務,名詞,1,1
乗っ取る,動詞,1,1
乗じる,動詞,1,1
久しぶり,名詞,1,1
主犯,名詞,1,1
事例,名詞,1,1
事項,名詞,1,1
人目,名詞,1,1
二条城,名詞,1,1
人文字,名詞,1,1
人数,名詞,1,1
人となり,名詞,1,1
享楽,名詞,1,1
享,名詞,1,1
交戦,名詞,1,1
交信,名詞,1,1
交わる,動詞,1,1
交じり,名詞,1,1
亡骸,名詞,1,1
亡き後,名詞,1,1
亘る,動詞,1,1
五輪,名詞,1,1
五月,名詞,1,1
云々,名詞,1,1
会場,名詞,1,1
会派,名詞,1,1
会葬,名詞,1,1
倒産,名詞,1,1
修繕,名詞,1,1
修築,名詞,1,1
修学,名詞,1,1
修士,名詞,1,1
修史,名詞,1,1
信用,名詞,1,1
信望,名詞,1,1
保守党,名詞,1,1
保全,名詞,1,1
保健,名詞,1,1
保てる,動詞,1,1
係争,名詞,1,1
便器,名詞,1,1
便,名詞,1,1
侵入,名詞,1,1
個性,名詞,1,1
借りる,動詞,1,1
会計,名詞,1,1
倣う,動詞,1,1
債務,名詞,1,1
催事,名詞,1,1
催し,名詞,1,1
傍目,名詞,1,1
傍流,名詞,1,1
傅育,名詞,1,1
偽造,名詞,1,1
偽物,名詞,1,1
偶然,名詞,1,1
偵察,名詞,1,1
側面,名詞,1,1
健全,名詞,1,1
停車,名詞,1,1
倹約,名詞,1,1
倫理,名詞,1,1
侮蔑,名詞,1,1
侮る,動詞,1,1
供給,名詞,1,1
供出,名詞,1,1
体格,名詞,1,1
体内,名詞,1,1
体つき,名詞,1,1
住処,名詞,1,1
住み込む,動詞,1,1
住み込み,名詞,1,1
住まう,動詞,1,1
低下,名詞,1,1
似通う,動詞,1,1
伺候,名詞,1,1
伸びる,動詞,1,1
伴侶,名詞,1,1
伝言,名詞,1,1
伝染,名詞,1,1
伝来,名詞,1,1
体育,名詞,1,1
体験,名詞,1,1
何事,名詞,1,1
併せる,動詞,1,1
供,名詞,1,1
使徒,名詞,1,1
使える,動詞,1,1
使い古す,動詞,1,1
使い分ける,動詞,1,1
使い,名詞,1,1
佩用,名詞,1,1
何処,名詞,1,1
作れる,動詞,1,1
作り替える,動詞,1,1
作り,名詞,1,1
余力,名詞,1,1
余儀,名詞,1,1
余る,動詞,1,1
ビキニ,名詞,1,1
ヒロイン,名詞,1,1
特性,名詞,1,1
ゆく,動詞,1,1
ゆえ,名詞,1,1
やり方,名詞,1,1
やりくり,名詞,1,1
やましい,形容詞,1,1
やって来る,動詞,1,1
やっつける,動詞,1,1
やけど,名詞,1,1
やけくそ,名詞,1,1
もとめる,動詞,1,1
めでたい,形容詞,1,1
めちゃめちゃ,名詞,1,1
めげる,動詞,1,1
むら,名詞,1,1
むつまじい,形容詞,1,1
むける,動詞,1,1
ゆかり,名詞,1,1
ゆたか,名詞,1,1
みまかる,動詞,1,1
らい,名詞,1,1
アパート,名詞,1,1
アニメ,名詞,1,1
アナウンサー,名詞,1,1
アテナ,名詞,1,1
アップ,名詞,1,1
アクセサリー,名詞,1,1
アカウント,名詞,1,1
アイリーン,名詞,1,1
アイススケート,名詞,1,1
アイザック,名詞,1,1
われる,動詞,1,1
わだかまる,動詞,1,1
わきまえる,動詞,1,1
わがまま,名詞,1,1
わ,名詞,1,1
みゆき,名詞,1,1
みすぼらしい,形容詞,1,1
アプリケーション,名詞,1,1
びいき,名詞,1,1
ひれ伏す,動詞,1,1
ひび,名詞,1,1
ひた隠し,名詞,1,1
ひざまずく,動詞,1,1
ひざ,名詞,1,1
はまる,動詞,1,1
はばかる,動詞,1,1
はね橋,名詞,1,1
はと,名詞,1,1
はたらく,動詞,1,1
はかる,動詞,1,1
はからう,動詞,1,1
のめり込む,動詞,1,1
のぞむ,動詞,1,1
ねじこむ,動詞,1,1
ひ弱,名詞,1,1
びっくり,名詞,1,1
みじめ,名詞,1,1
ぴったり,名詞,1,1
まわる,動詞,1,1
まわす,動詞,1,1
まばゆい,形容詞,1,1
まとう,動詞,1,1
まく,動詞,1,1
ぼる,動詞,1,1
ほとり,名詞,1,1
ほっそり,名詞,1,1
へとへと,名詞,1,1
ぶちまける,動詞,1,1
ふとっちょ,名詞,1,1
ふしだら,名詞,1,1
ふさわしい,形容詞,1,1
ふさぎこむ,動詞,1,1
ふくれあがる,動詞,1,1
アピール,名詞,1,1
アポロ,名詞,1,1
にくい,形容詞,1,1
エーゲ海,名詞,1,1
エレガント,名詞,1,1
エルメス,名詞,1,1
エルナ,名詞,1,1
エルトン,名詞,1,1
エルサレム,名詞,1,1
エリゼ宮,名詞,1,1
エメラルド,名詞,1,1
エミリー,名詞,1,1
エミ,名詞,1,1
エマ,名詞,1,1
エピソード,名詞,1,1
エネルギー,名詞,1,1
エドアルド,名詞,1,1
エド,名詞,1,1
エッセン,名詞,1,1
エン,名詞,1,1
オイラ,名詞,1,1
エチオピア,名詞,1,1
オスマン,名詞,1,1
オール,名詞,1,1
オープン,名詞,1,1
オーバル,名詞,1,1
オーナー,名詞,1,1
オーディオ,名詞,1,1
オーダー,名詞,1,1
オースチン,名詞,1,1
オーシャン,名詞,1,1
オーケストラ,名詞,1,1
オークション,名詞,1,1
オルガン,名詞,1,1
オリジナル,名詞,1,1
オフィス,名詞,1,1
オビ,名詞,1,1
オックスフォード,名詞,1,1
エチケット,名詞,1,1
エスパニョーラ,名詞,1,1
アミ,名詞,1,1
イエナ,名詞,1,1
アーカイブ,名詞,1,1
アンヘル,名詞,1,1
アントワープ,名詞,1,1
アンデルセン,名詞,1,1
アンテナ,名詞,1,1
アンゴラ,名詞,1,1
アレックス,名詞,1,1
アルメニア,名詞,1,1
アルバニア,名詞,1,1
アルバイト,名詞,1,1
アルツハイマー,名詞,1,1
アルジェリア,名詞,1,1
アルジェ,名詞,1,1
アヤ,名詞,1,1
アメリカン,名詞,1,1
アート,名詞,1,1
イスラム,名詞,1,1
エキセントリック,名詞,1,1
イスラム教,名詞,1,1
ウリ,名詞,1,1
ウラ,名詞,1,1
ウッズ,名詞,1,1
ウガンダ,名詞,1,1
ウォーター,名詞,1,1
イースタン,名詞,1,1
インターンシップ,名詞,1,1
インターナショナル,名詞,1,1
インキ,名詞,1,1
イリノイ,名詞,1,1
イラク,名詞,1,1
イヤリング,名詞,1,1
イヤ,名詞,1,1
イム,名詞,1,1
イネ,名詞,1,1
にこやか,名詞,1,1
なり,名詞,1,1
ヒット,名詞,1,1
きまり,名詞,1,1
かわいそう,名詞,1,1
かれる,動詞,1,1
かられる,動詞,1,1
かまける,動詞,1,1
かばう,動詞,1,1
かなた,名詞,1,1
かなう,動詞,1,1
かしずく,動詞,1,1
かくまう,動詞,1,1
かかえる,動詞,1,1
かえる,動詞,1,1
かい,名詞,1,1
お辞儀,名詞,1,1
お話,名詞,1,1
お礼,名詞,1,1
かんがみる,動詞,1,1
きみ,名詞,1,1
お母様,名詞,1,1
きめる,動詞,1,1
こだわる,動詞,1,1
こだわり,名詞,1,1
こたえる,動詞,1,1
こい,形容詞,1,1
こ,名詞,1,1
げっぷ,名詞,1,1
けなす,動詞,1,1
けた,名詞,1,1
けしかける,動詞,1,1
くっつける,動詞,1,1
くだらない,形容詞,1,1
くすぶる,動詞,1,1
くしけずる,動詞,1,1
く,動詞,1,1
きれる,動詞,1,1
お洒落,名詞,1,1
お昼,名詞,1,1
こと切れる,動詞,1,1
うぬぼれる,動詞,1,1
うつつ,名詞,1,1
うける,動詞,1,1
いける,動詞,1,1
いきさつ,名詞,1,1
いかん,名詞,1,1
いえる,動詞,1,1
あらわ,名詞,1,1
あふれる,動詞,1,1
あてこする,動詞,1,1
あっけない,形容詞,1,1
あたえる,動詞,1,1
あさまい,形容詞,1,1
あげく,名詞,1,1
あきれる,動詞,1,1
あえぐ,動詞,1,1
うつむく,動詞,1,1
うる,動詞,1,1
お抱え,名詞,1,1
えり,名詞,1,1
お披露目,名詞,1,1
お忍び,名詞,1,1
お守り,名詞,1,1
お召,名詞,1,1
お互い,名詞,1,1
おわす,動詞,1,1
おろそか,名詞,1,1
およぼす,動詞,1,1
おまけ,名詞,1,1
おびただしい,形容詞,1,1
おとしめる,動詞,1,1
おつき,名詞,1,1
おちる,動詞,1,1
おこす,動詞,1,1
おかしい,形容詞,1,1
ことし,名詞,1,1
こぼす,動詞,1,1
ならす,動詞,1,1
つる,名詞,1,1
つらなる,動詞,1,1
つらい,形容詞,1,1
つむる,動詞,1,1
つましい,形容詞,1,1
つづける,動詞,1,1
つっこむ,動詞,1,1
つじつま,名詞,1,1
つけ,名詞,1,1
つくる,動詞,1,1
つくりあげる,動詞,1,1
つかう,動詞,1,1
ついで,名詞,1,1
ついて行く,動詞,1,1
っぱなし,名詞,1,1
っきり,名詞,1,1
つる,動詞,1,1
つわり,名詞,1,1
ちび,名詞,1,1
とける,動詞,1,1
なつく,動詞,1,1
なじる,動詞,1,1
なじむ,動詞,1,1
どうし,名詞,1,1
とりやめる,動詞,1,1
とりはからう,動詞,1,1
とりなす,動詞,1,1
とりとめる,動詞,1,1
とりこ,名詞,1,1
とりあう,動詞,1,1
とらわれる,動詞,1,1
ともども,名詞,1,1
とまる,動詞,1,1
となり,名詞,1,1
とつ,名詞,1,1
ちりばめる,動詞,1,1
ちの,名詞,1,1
こめる,動詞,1,1
すごい,形容詞,1,1
じみる,動詞,1,1
しれる,動詞,1,1
しるし,名詞,1,1
しゃべる,動詞,1,1
しむける,動詞,1,1
しばる,動詞,1,1
しばらく,名詞,1,1
しば,名詞,1,1
したためる,動詞,1,1
しかる,動詞,1,1
さす,動詞,1,1
さしかかる,動詞,1,1
さしあたる,動詞,1,1
さかのぼる,動詞,1,1
ころ,名詞,1,1
すげる,動詞,1,1
すごす,動詞,1,1
ちっぽけ,名詞,1,1
すべ,名詞,1,1
だらけ,名詞,1,1
だます,動詞,1,1
だいたい,名詞,1,1
たれる,動詞,1,1
ためらう,動詞,1,1
たまりかねる,動詞,1,1
たてる,動詞,1,1
たたる,動詞,1,1
たたえる,動詞,1,1
そろう,動詞,1,1
その頃,名詞,1,1
そのもの,名詞,1,1
せまい,形容詞,1,1
ずし,名詞,1,1
すれ違い,名詞,1,1
オールド,名詞,1,1
カイロ,名詞,1,1
カウンセリング,名詞,1,1
デート,名詞,1,1
デー,名詞,1,1
デリカ,名詞,1,1
デュラン,名詞,1,1
デュッセルドルフ,名詞,1,1
デモンストレーション,名詞,1,1
デマ,名詞,1,1
デビッド,名詞,1,1
デザート,名詞,1,1
デイリー・ミラー,名詞,1,1
デイリー,名詞,1,1
デイビス,名詞,1,1
ディナー,名詞,1,1
テーマ,名詞,1,1
テラ,名詞,1,1
テナント,名詞,1,1
データ,名詞,1,1
トイ,名詞,1,1
ティーンエイジャー,名詞,1,1
トゥルク,名詞,1,1
ドクター,名詞,1,1
ドゥーマ,名詞,1,1
ドア,名詞,1,1
トーン,名詞,1,1
トーナメント,名詞,1,1
トロント,名詞,1,1
トロ,名詞,1,1
トレーナー,名詞,1,1
トレードマーク,名詞,1,1
トレバー,名詞,1,1
トリー,名詞,1,1
トリニダード・トバゴ,名詞,1,1
トラブル,名詞,1,1
トニー,名詞,1,1
トス,名詞,1,1
テキサス,名詞,1,1
ティー,名詞,1,1
ドライバー,名詞,1,1
タンス,名詞,1,1
タワー,名詞,1,1
タオル,名詞,1,1
タイヤ,名詞,1,1
タイムズ,名詞,1,1
タイム,名詞,1,1
ソープ,名詞,1,1
ソルボンヌ,名詞,1,1
ソフト,名詞,1,1
ソファ,名詞,1,1
ソビエト,名詞,1,1
ソニー,名詞,1,1
ソナタ,名詞,1,1
ゼリー,名詞,1,1
セールスマン,名詞,1,1
セーター,名詞,1,1
タン,名詞,1,1
ターニングポイント,名詞,1,1
ツール,名詞,1,1
ダイナマイト,名詞,1,1
チーム,名詞,1,1
チーフ,名詞,1,1
チョウ,名詞,1,1
チューリヒ,名詞,1,1
チューリップ,名詞,1,1
チャート,名詞,1,1
チャーター,名詞,1,1
チャンス,名詞,1,1
チャット,名詞,1,1
チフス,名詞,1,1
ダート,名詞,1,1
ダメ,名詞,1,1
ダブル,名詞,1,1
ダウン症,名詞,1,1
ダイヤル,名詞,1,1
ドナルド,名詞,1,1
ドーバー,名詞,1,1
カカオ,名詞,1,1
バンクーバー,名詞,1,1
バンク,名詞,1,1
バレリーナ,名詞,1,1
バルセロナ,名詞,1,1
バルカン,名詞,1,1
バリ,名詞,1,1
バラス,名詞,1,1
バブル,名詞,1,1
バトル,名詞,1,1
バッジ,名詞,1,1
バッシング,名詞,1,1
バッグ,名詞,1,1
バック,名詞,1,1
バター,名詞,1,1
バスク,名詞,1,1
バス,名詞,1,1
バンクス,名詞,1,1
バングラデシュ,名詞,1,1
バグ,名詞,1,1
バー,名詞,1,1
ヒキガエル,名詞,1,1
パートナー,名詞,1,1
パンフレット,名詞,1,1
パンデ,名詞,1,1
パラフィン,名詞,1,1
パラノイア,名詞,1,1
パラダイス,名詞,1,1
パブ,名詞,1,1
パトリック,名詞,1,1
パウロ,名詞,1,1
パイロット,名詞,1,1
パイ,名詞,1,1
バール,名詞,1,1
バーベキュー,名詞,1,1
バージン,名詞,1,1
バグダード,名詞,1,1
バク,名詞,1,1
ドーム,名詞,1,1
ネガティブ,名詞,1,1
ニュートン,名詞,1,1
ニューズウィーク,名詞,1,1
ニューズ,名詞,1,1
ニュージーランド,名詞,1,1
ニュルンベルク,名詞,1,1
ニュアンス,名詞,1,1
ニックネーム,名詞,1,1
ナンシー,名詞,1,1
ナッソー,名詞,1,1
ナタリー,名詞,1,1
ナショナル,名詞,1,1
ナショナリズム,名詞,1,1
ナイフ,名詞,1,1
ナイジェリア,名詞,1,1
ナイ,名詞,1,1
ニルス,名詞,1,1
ネックレス,名詞,1,1
バカンス,名詞,1,1
ノイローゼ,名詞,1,1
バイヤー,名詞,1,1
バイク,名詞,1,1
ハーブ,名詞,1,1
ハート,名詞,1,1
ハンバーガー,名詞,1,1
ハンドル,名詞,1,1
ハンセン病,名詞,1,1
ハン,名詞,1,1
ハリケーン,名詞,1,1
ハム,名詞,1,1
ハボローネ,名詞,1,1
ハト,名詞,1,1
ハイスクール,名詞,1,1
ノース,名詞,1,1
ノミネート,名詞,1,1
セントラル,名詞,1,1
セントヘレナ,名詞,1,1
センセーション,名詞,1,1
ゲスト,名詞,1,1
ケイス,名詞,1,1
グロス,名詞,1,1
グレー,名詞,1,1
グレゴリオ,名詞,1,1
グッズ,名詞,1,1
グアダラハラ,名詞,1,1
クール,名詞,1,1
クワ,名詞,1,1
クロード,名詞,1,1
クロース,名詞,1,1
クロス,名詞,1,1
クロ,名詞,1,1
クレア,名詞,1,1
クルーザー,名詞,1,1
クルム,名詞,1,1
ゲオ,名詞,1,1
ゲリラ,名詞,1,1
クリスマスイブ,名詞,1,1
ゲン,名詞,1,1
コンス,名詞,1,1
コンコルド,名詞,1,1
コンクリート,名詞,1,1
コロンビア大学,名詞,1,1
コレラ,名詞,1,1
コリン,名詞,1,1
コモ,名詞,1,1
コメンテーター,名詞,1,1
コメディ,名詞,1,1
コマ,名詞,1,1
コブ,名詞,1,1
コテージ,名詞,1,1
コソボ,名詞,1,1
コイン,名詞,1,1
ゲーム,名詞,1,1
クリミア半島,名詞,1,1
クリケット,名詞,1,1
セン,名詞,1,1
キャスティング,名詞,1,1
キエ,名詞,1,1
ガールフレンド,名詞,1,1
ガル,名詞,1,1
ガス,名詞,1,1
カールトン,名詞,1,1
カーネル,名詞,1,1
カード,名詞,1,1
カンヌ国際映画祭,名詞,1,1
カレン,名詞,1,1
カメラ,名詞,1,1
カフェ,名詞,1,1
カップ,名詞,1,1
カダフィ,名詞,1,1
カタール,名詞,1,1
カス,名詞,1,1
キッシンジャー,名詞,1,1
キャンベル,名詞,1,1
クラーク,名詞,1,1
キューバ,名詞,1,1
クラブ,名詞,1,1
クラス,名詞,1,1
クラウン,名詞,1,1
クズ,名詞,1,1
クス,名詞,1,1
クオーター,名詞,1,1
クイズ,名詞,1,1
ギロチン,名詞,1,1
ギルダー,名詞,1,1
ギリシア,名詞,1,1
ギャラリー,名詞,1,1
ギフト,名詞,1,1
キング,名詞,1,1
キリスト教,名詞,1,1
キリ,名詞,1,1
コンピューター,名詞,1,1
コンベンション,名詞,1,1
サイコロ,名詞,1,1
スタッフ,名詞,1,1
スタイリスト,名詞,1,1
スクープ,名詞,1,1
スクラップ,名詞,1,1
スカート,名詞,1,1
スカイ,名詞,1,1
ジーンズ,名詞,1,1
ジンバブエ,名詞,1,1
ジョーン,名詞,1,1
ジョブズ,名詞,1,1
ジャクソン,名詞,1,1
ジャガー,名詞,1,1
ジャ,名詞,1,1
ジム,名詞,1,1
ジグソー,名詞,1,1
ジェフ,名詞,1,1
スタイル,名詞,1,1
スタート,名詞,1,1
サイモン,名詞,1,1
スティーヴ,名詞,1,1
セラピー,名詞,1,1
セブン,名詞,1,1
セックス,名詞,1,1
セクシー,名詞,1,1
スーツ,名詞,1,1
スーダン,名詞,1,1
スリー,名詞,1,1
スリランカ,名詞,1,1
スリップ,名詞,1,1
スリッパ,名詞,1,1
スラム,名詞,1,1
スムーズ,名詞,1,1
スポークスマン,名詞,1,1
スペル,名詞,1,1
スト,名詞,1,1
ジェット,名詞,1,1
ジェスチャー,名詞,1,1
シーン,名詞,1,1
シール,名詞,1,1
シエラレオネ,名詞,1,1
シアター,名詞,1,1
ザンビア,名詞,1,1
ザルツブルク,名詞,1,1
ザイン,名詞,1,1
サービス,名詞,1,1
サード,名詞,1,1
サーカス,名詞,1,1
サル,名詞,1,1
サラエボ,名詞,1,1
サミュエル,名詞,1,1
サファイア,名詞,1,1
サッチャー,名詞,1,1
サウジアラビア,名詞,1,1
サイン,名詞,1,1
シグナル,名詞,1,1
シスコ,名詞,1,1
システム,名詞,1,1
シリアス,名詞,1,1
シーボルト,名詞,1,1
シート,名詞,1,1
シーズン,名詞,1,1
シンフォニー,名詞,1,1
シルク,名詞,1,1
シリーズ,名詞,1,1
ション,名詞,1,1
システムズ,名詞,1,1
ショッピング,名詞,1,1
ショッキング,名詞,1,1
シューティング,名詞,1,1
シャンパーニュ,名詞,1,1
シマ,名詞,1,1
シナトラ,名詞,1,1
創立,名詞,1,1
劇,名詞,1,1
功,名詞,1,1
支払い,名詞,1,1
支局,名詞,1,1
操縦,名詞,1,1
擁立,名詞,1,1
撲滅,名詞,1,1
撃つ,動詞,1,1
損失,名詞,1,1
損傷,名詞,1,1
揺るがす,動詞,1,1
援軍,名詞,1,1
提訴,名詞,1,1
提督,名詞,1,1
描画,名詞,1,1
描写,名詞,1,1
掴まる,動詞,1,1
推薦,名詞,1,1
支店,名詞,1,1
支配人,名詞,1,1
推察,名詞,1,1
改姓,名詞,1,1
教官,名詞,1,1
教子,名詞,1,1
教員,名詞,1,1
敗退,名詞,1,1
救済,名詞,1,1
救助,名詞,1,1
救世主,名詞,1,1
救い,名詞,1,1
政敵,名詞,1,1
政局,名詞,1,1
政争,名詞,1,1
放火,名詞,1,1
放免,名詞,1,1
攻勢,名詞,1,1
改訳,名詞,1,1
推移,名詞,1,1
接待,名詞,1,1
教科,名詞,1,1
挙がる,動詞,1,1
指向,名詞,1,1
指す,動詞,1,1
指,名詞,1,1
持ち駒,名詞,1,1
持ち運べる,動詞,1,1
持ち物,名詞,1,1
持ち合わせる,動詞,1,1
持ち前,名詞,1,1
持ち出す,動詞,1,1
拠出,名詞,1,1
拝,名詞,1,1
拘わる,動詞,1,1
拓く,動詞,1,1
拍手,名詞,1,1
押収,名詞,1,1
挑戦,名詞,1,1
挙句,名詞,1,1
探検,名詞,1,1
挫ける,動詞,1,1
探る,動詞,1,1
探し回る,動詞,1,1
掌,名詞,1,1
授爵,名詞,1,1
捻出,名詞,1,1
捧ぐ,動詞,1,1
捜索,名詞,1,1
捜査,名詞,1,1
捕われる,動詞,1,1
捕る,動詞,1,1
捕まる,動詞,1,1
捕まえる,動詞,1,1
捏造,名詞,1,1
振るう,動詞,1,1
振り,名詞,1,1
教導,名詞,1,1
教義,名詞,1,1
押し込む,動詞,1,1
昼,名詞,1,1
昨日,名詞,1,1
春風,名詞,1,1
星座,名詞,1,1
星,名詞,1,1
昔,名詞,1,1
明言,名詞,1,1
明美,名詞,1,1
明白,名詞,1,1
明媚,名詞,1,1
明け暮れる,動詞,1,1
昇進,名詞,1,1
昇叙,名詞,1,1
旬,名詞,1,1
早死,名詞,1,1
早朝,名詞,1,1
是非,名詞,1,1
昼夜,名詞,1,1
早々,名詞,1,1
昼食,名詞,1,1
更生,名詞,1,1
曲目,名詞,1,1
曲折,名詞,1,1
曲がる,動詞,1,1
暴行,名詞,1,1
暴れ出す,動詞,1,1
暗室,名詞,1,1
暗む,動詞,1,1
暖房,名詞,1,1
暖かい,形容詞,1,1
暇,名詞,1,1
普段,名詞,1,1
時局,名詞,1,1
時季,名詞,1,1
時夫,名詞,1,1
早め,名詞,1,1
旧領,名詞,1,1
散逸,名詞,1,1
新年,名詞,1,1
断言,名詞,1,1
断罪,名詞,1,1
断続,名詞,1,1
断定,名詞,1,1
断,名詞,1,1
斡旋,名詞,1,1
料亭,名詞,1,1
文言,名詞,1,1
文法,名詞,1,1
文字通り,名詞,1,1
整髪,名詞,1,1
整備,名詞,1,1
整う,動詞,1,1
数多,名詞,1,1
数カ月,名詞,1,1
新帝,名詞,1,1
新月,名詞,1,1
旧臣,名詞,1,1
新王子,名詞,1,1
旧家,名詞,1,1
旧友,名詞,1,1
日間,名詞,1,1
日焼け,名詞,1,1
日本語,名詞,1,1
日本国,名詞,1,1
日本テレビ,名詞,1,1
既得,名詞,1,1
旅立つ,動詞,1,1
旅立ち,名詞,1,1
旅団,名詞,1,1
旅先,名詞,1,1
於く,動詞,1,1
方面,名詞,1,1
新造,名詞,1,1
押し込める,動詞,1,1
押し寄せる,動詞,1,1
功労,名詞,1,1
愛知,名詞,1,1
愛撫,名詞,1,1
愛憎,名詞,1,1
愛息,名詞,1,1
愛嬌,名詞,1,1
愛らしい,形容詞,1,1
愛せる,動詞,1,1
愛くるしい,形容詞,1,1
意趣,名詞,1,1
意訳,名詞,1,1
意気投合,名詞,1,1
意欲,名詞,1,1
意味合い,名詞,1,1
意中,名詞,1,1
想定,名詞,1,1
想う,動詞,1,1
愛書,名詞,1,1
愛護,名詞,1,1
惨禍,名詞,1,1
愛馬,名詞,1,1
憂う,動詞,1,1
慰問,名詞,1,1
慣行,名詞,1,1
慣わし,名詞,1,1
慎重,名詞,1,1
慎ましやか,名詞,1,1
態勢,名詞,1,1
慈愛,名詞,1,1
慈しむ,動詞,1,1
慇懃,名詞,1,1
感覚,名詞,1,1
感激,名詞,1,1
感心,名詞,1,1
感化,名詞,1,1
感冒,名詞,1,1
想い,名詞,1,1
惨殺,名詞,1,1
憂鬱,名詞,1,1
悪,名詞,1,1
恰好,名詞,1,1
息,名詞,1,1
恫喝,名詞,1,1
恩義,名詞,1,1
恩給,名詞,1,1
恩寵,名詞,1,1
恩人,名詞,1,1
恨む,動詞,1,1
恋心,名詞,1,1
恋する,動詞,1,1
怯える,動詞,1,1
怪しい,形容詞,1,1
怨念,名詞,1,1
性病,名詞,1,1
性愛,名詞,1,1
悔やむ,動詞,1,1
悪ふざけ,名詞,1,1
惨敗,名詞,1,1
悪口,名詞,1,1
惨たらしい,形容詞,1,1
惚れ込む,動詞,1,1
情死,名詞,1,1
情景,名詞,1,1
悲報,名詞,1,1
悲哀,名詞,1,1
悪質,名詞,1,1
悪評,名詞,1,1
悪行,名詞,1,1
悪罵,名詞,1,1
悪癖,名詞,1,1
悪政,名詞,1,1
悪戯,名詞,1,1
悪意,名詞,1,1
悪影響,名詞,1,1
憂慮,名詞,1,1
憐れむ,動詞,1,1
押し切り,名詞,1,1
投じる,動詞,1,1
投げつける,動詞,1,1
抑え,名詞,1,1
技量,名詞,1,1
承知,名詞,1,1
扱き下ろす,動詞,1,1
打算,名詞,1,1
打倒,名詞,1,1
打ち明ける,動詞,1,1
打ち合わせ,名詞,1,1
打ち上げる,動詞,1,1
才知,名詞,1,1
才気,名詞,1,1
才,名詞,1,1
手荷物,名詞,1,1
手芸,名詞,1,1
投げ出す,動詞,1,1
投入,名詞,1,1
手放し,名詞,1,1
投石,名詞,1,1
押し出す,動詞,1,1
押し付ける,動詞,1,1
押しつぶす,動詞,1,1
押しつける,動詞,1,1
抹殺,名詞,1,1
抵触,名詞,1,1
抱擁,名詞,1,1
抱き合う,動詞,1,1
抱きしめる,動詞,1,1
抜群,名詞,1,1
抜ける,動詞,1,1
抜きん出る,動詞,1,1
抜き,名詞,1,1
抜かす,動詞,1,1
抗戦,名詞,1,1
手渡す,動詞,1,1
手掛ける,動詞,1,1
憑かれる,動詞,1,1
我がまま,名詞,1,1
成果,名詞,1,1
成就,名詞,1,1
成る,動詞,1,1
成り行き,名詞,1,1
成り上がる,動詞,1,1
成す,動詞,1,1
懺悔,名詞,1,1
懲罰,名詞,1,1
懐石,名詞,1,1
懐く,動詞,1,1
懐かしい,形容詞,1,1
懇談,名詞,1,1
憲仁,名詞,1,1
憧憬,名詞,1,1
憧れる,動詞,1,1
成金,名詞,1,1
戒律,名詞,1,1
手形,名詞,1,1
戦勝,名詞,1,1
手助け,名詞,1,1
手先,名詞,1,1
手中,名詞,1,1
手づかみ,名詞,1,1
手がける,動詞,1,1
扇情,名詞,1,1
所見,名詞,1,1
所蔵,名詞,1,1
所縁,名詞,1,1
所在地,名詞,1,1
所内,名詞,1,1
所作,名詞,1,1
戯れる,動詞,1,1
戦費,名詞,1,1
戦病死,名詞,1,1
書き立てる,動詞,1,1
書き込む,動詞,1,1
書ける,動詞,1,1
消す,動詞,1,1
海辺,名詞,1,1
海路,名詞,1,1
海港,名詞,1,1
浴槽,名詞,1,1
浴室,名詞,1,1
浴びせる,動詞,1,1
浮腫,名詞,1,1
浮浪,名詞,1,1
浮く,動詞,1,1
浅間,名詞,1,1
浅い,形容詞,1,1
流浪,名詞,1,1
流刑,名詞,1,1
流入,名詞,1,1
流し込む,動詞,1,1
海運,名詞,1,1
消失,名詞,1,1
活火山,名詞,1,1
涼む,動詞,1,1
源,名詞,1,1
溌剌,名詞,1,1
湾,名詞,1,1
湯治,名詞,1,1
渾名,名詞,1,1
港北,名詞,1,1
温か,名詞,1,1
渡米,名詞,1,1
渡す,動詞,1,1
減る,動詞,1,1
渓谷,名詞,1,1
渇望,名詞,1,1
清書,名詞,1,1
混迷,名詞,1,1
淫婦,名詞,1,1
派閥,名詞,1,1
活力,名詞,1,1
溢れる,動詞,1,1
治癒,名詞,1,1
治安,名詞,1,1
治外法権,名詞,1,1
治下,名詞,1,1
沸く,動詞,1,1
沸き起こる,動詞,1,1
没年,名詞,1,1
沙汰止み,名詞,1,1
沙汰,名詞,1,1
沖合,名詞,1,1
沖,名詞,1,1
沈める,動詞,1,1
汽車,名詞,1,1
決裂,名詞,1,1
決着,名詞,1,1
決心,名詞,1,1
治定,名詞,1,1
沿道,名詞,1,1
洪水,名詞,1,1
法令,名詞,1,1
洗濯,名詞,1,1
洗浄,名詞,1,1
洋服,名詞,1,1
泳ぐ,動詞,1,1
注釈,名詞,1,1
注文,名詞,1,1
泣きじゃくる,動詞,1,1
波紋,名詞,1,1
波及,名詞,1,1
波乱,名詞,1,1
波,名詞,1,1
法規,名詞,1,1
法案,名詞,1,1
法曹,名詞,1,1
法制,名詞,1,1
溝,名詞,1,1
溺れる,動詞,1,1
書類,名詞,1,1
父系,名詞,1,1
爪痕,名詞,1,1
爪,名詞,1,1
爆弾,名詞,1,1
燃やす,動詞,1,1
燃え移る,動詞,1,1
熱望,名詞,1,1
熱帯,名詞,1,1
熱い,形容詞,1,1
熟達,名詞,1,1
熟練,名詞,1,1
熟,名詞,1,1
煥発,名詞,1,1
煙突,名詞,1,1
煙,名詞,1,1
焼失,名詞,1,1
父子,名詞,1,1
爾後,名詞,1,1
焼き討ち,名詞,1,1
片っ端,名詞,1,1
特徴,名詞,1,1
特典,名詞,1,1
特使,名詞,1,1
物腰,名詞,1,1
物件,名詞,1,1
物おじ,名詞,1,1
物々しい,形容詞,1,1
牧歌,名詞,1,1
牢獄,名詞,1,1
牡丹,名詞,1,1
牛耳る,動詞,1,1
版画,名詞,1,1
片腕,名詞,1,1
片方,名詞,1,1
片割れ,名詞,1,1
焼ける,動詞,1,1
無骨,名詞,1,1
溺死,名詞,1,1
災い,名詞,1,1
火災,名詞,1,1
火消し,名詞,1,1
瀬戸際,名詞,1,1
激化,名詞,1,1
潰れる,動詞,1,1
潰える,動詞,1,1
潜水,名詞,1,1
潜り込む,動詞,1,1
演目,名詞,1,1
漏れる,動詞,1,1
漏らす,動詞,1,1
漁夫,名詞,1,1
滞留,名詞,1,1
滞る,動詞,1,1
滅亡,名詞,1,1
火種,名詞,1,1
炎症,名詞,1,1
無難,名詞,1,1
炭,名詞,1,1
無謀,名詞,1,1
無様,名詞,1,1
無数,名詞,1,1
無意味,名詞,1,1
無惨,名詞,1,1
無念,名詞,1,1
無実,名詞,1,1
無垢,名詞,1,1
無口,名詞,1,1
無傷,名詞,1,1
烙印,名詞,1,1
烈火,名詞,1,1
烈しい,形容詞,1,1
点灯,名詞,1,1
炭坑,名詞,1,1
決別,名詞,1,1
決まり,名詞,1,1
決す,動詞,1,1
栄光,名詞,1,1
枢密,名詞,1,1
果たせる,動詞,1,1
東西,名詞,1,1
東洋,名詞,1,1
東日本,名詞,1,1
東方,名詞,1,1
東山,名詞,1,1
東宮御所,名詞,1,1
東アジア,名詞,1,1
杯,名詞,1,1
来賓,名詞,1,1
来訪,名詞,1,1
来店,名詞,1,1
来場,名詞,1,1
来す,動詞,1,1
柔和,名詞,1,1
根本,名詞,1,1
束縛,名詞,1,1
格闘,名詞,1,1
極まりない,形容詞,1,1
楯突く,動詞,1,1
業績,名詞,1,1
検閲,名詞,1,1
検死,名詞,1,1
検分,名詞,1,1
植える,動詞,1,1
椅子,名詞,1,1
森内,名詞,1,1
森,名詞,1,1
棒引き,名詞,1,1
棄損,名詞,1,1
梅毒,名詞,1,1
桟橋,名詞,1,1
案じる,動詞,1,1
条項,名詞,1,1
村民,名詞,1,1
汝,名詞,1,1
有無,名詞,1,1
有効,名詞,1,1
有る,動詞,1,1
有り得る,動詞,1,1
月末,名詞,1,1
月日,名詞,1,1
月下,名詞,1,1
最適,名詞,1,1
最良,名詞,1,1
最強,名詞,1,1
最寄り,名詞,1,1
最先端,名詞,1,1
最低,名詞,1,1
最下位,名詞,1,1
最上,名詞,1,1
替える,動詞,1,1
有望,名詞,1,1
有難がる,動詞,1,1
本能,名詞,1,1
服す,動詞,1,1
本意,名詞,1,1
本宮,名詞,1,1
本宅,名詞,1,1
本命,名詞,1,1
本名,名詞,1,1
末席,名詞,1,1
未遂,名詞,1,1
未詳,名詞,1,1
未熟,名詞,1,1
未払い,名詞,1,1
期限,名詞,1,1
朝食,名詞,1,1
望ましい,形容詞,1,1
服用,名詞,1,1
服する,動詞,1,1
極刑,名詞,1,1
極東,名詞,1,1
楽器,名詞,1,1
気力,名詞,1,1
気位,名詞,1,1
気まま,名詞,1,1
気まぐれ,名詞,1,1
気の毒,名詞,1,1
民謡,名詞,1,1
民話,名詞,1,1
民心,名詞,1,1
毒,名詞,1,1
母系,名詞,1,1
母校,名詞,1,1
母性,名詞,1,1
母后,名詞,1,1
毀損,名詞,1,1
殿,名詞,1,1
殺到,名詞,1,1
気前,名詞,1,1
気品,名詞,1,1
楽観,名詞,1,1
気立て,名詞,1,1
汚す,動詞,1,1
求愛,名詞,1,1
求め,名詞,1,1
永遠,名詞,1,1
永住,名詞,1,1
永久,名詞,1,1
氷,名詞,1,1
水着,名詞,1,1
水浴,名詞,1,1
水泡,名詞,1,1
水入らず,名詞,1,1
気高い,形容詞,1,1
気違い,名詞,1,1
気落ち,名詞,1,1
気管支,名詞,1,1
殖産,名詞,1,1
残額,名詞,1,1
死者,名詞,1,1
死傷,名詞,1,1
機転,名詞,1,1
機知,名詞,1,1
機智,名詞,1,1
横顔,名詞,1,1
横暴,名詞,1,1
権勢,名詞,1,1
模範,名詞,1,1
模様替え,名詞,1,1
模倣,名詞,1,1
標準時,名詞,1,1
標榜,名詞,1,1
様相,名詞,1,1
様式,名詞,1,1
構図,名詞,1,1
楽譜,名詞,1,1
欠く,動詞,1,1
欠点,名詞,1,1
欠落,名詞,1,1
歩み寄る,動詞,1,1
歴訪,名詞,1,1
歳入,名詞,1,1
歯並び,名詞,1,1
歩調,名詞,1,1
歩幅,名詞,1,1
歩む,動詞,1,1
正規,名詞,1,1
次世代,名詞,1,1
正装,名詞,1,1
正,名詞,1,1
止揚,名詞,1,1
歓待,名詞,1,1
次席,名詞,1,1
次代,名詞,1,1
性悪,名詞,1,1
急速,名詞,1,1
急流,名詞,1,1
埋め合わせ,名詞,1,1
型破り,名詞,1,1
垂れる,動詞,1,1
地震,名詞,1,1
地質,名詞,1,1
地獄,名詞,1,1
地歩,名詞,1,1
地味,名詞,1,1
地名,名詞,1,1
圧迫,名詞,1,1
圧政,名詞,1,1
圧倒的,名詞,1,1
土着,名詞,1,1
團十郎,名詞,1,1
国益,名詞,1,1
国父,名詞,1,1
埋まる,動詞,1,1
城下,名詞,1,1
国技,名詞,1,1
執り成し,名詞,1,1
境界,名詞,1,1
塗る,動詞,1,1
報復,名詞,1,1
報ずる,動詞,1,1
報いる,動詞,1,1
報,名詞,1,1
堅持,名詞,1,1
堅実,名詞,1,1
堀内,名詞,1,1
基礎,名詞,1,1
基盤,名詞,1,1
基準,名詞,1,1
基地,名詞,1,1
執政,名詞,1,1
執拗,名詞,1,1
国歌,名詞,1,1
国主,名詞,1,1
墓参り,名詞,1,1
善行,名詞,1,1
商学,名詞,1,1
商務,名詞,1,1
唱える,動詞,1,1
唆す,動詞,1,1
品位,名詞,1,1
哀れむ,動詞,1,1
咽頭,名詞,1,1
咳,名詞,1,1
咎め,名詞,1,1
和名,名詞,1,1
和合,名詞,1,1
呼べる,動詞,1,1
呼び戻す,動詞,1,1
呪い,名詞,1,1
周遊,名詞,1,1
啜り泣く,動詞,1,1
喋れる,動詞,1,1
固辞,名詞,1,1
喘息,名詞,1,1
固める,動詞,1,1
固め,名詞,1,1
図書,名詞,1,1
囮,名詞,1,1
因襲,名詞,1,1
因縁,名詞,1,1
回転,名詞,1,1
噴水,名詞,1,1
器量,名詞,1,1
嘲笑,名詞,1,1
嗜好,名詞,1,1
嗚咽,名詞,1,1
営業,名詞,1,1
喫する,動詞,1,1
喫す,動詞,1,1
境遇,名詞,1,1
墓碑銘,名詞,1,1
好奇,名詞,1,1
失墜,名詞,1,1
天性,名詞,1,1
天使,名詞,1,1
天下,名詞,1,1
大震災,名詞,1,1
大阪,名詞,1,1
大関,名詞,1,1
大逆,名詞,1,1
大西洋,名詞,1,1
大袈裟,名詞,1,1
大膳,名詞,1,1
大社,名詞,1,1
大砲,名詞,1,1
大相撲,名詞,1,1
大本営,名詞,1,1
大敗,名詞,1,1
天文学,名詞,1,1
失意,名詞,1,1
大幅,名詞,1,1
失態,名詞,1,1
好ましい,形容詞,1,1
女癖,名詞,1,1
女王蜂,名詞,1,1
女学校,名詞,1,1
女丈夫,名詞,1,1
女らしい,形容詞,1,1
奪還,名詞,1,1
奪回,名詞,1,1
奪い返す,動詞,1,1
奪い取る,動詞,1,1
奥深い,形容詞,1,1
奉迎,名詞,1,1
奇癖,名詞,1,1
失踪,名詞,1,1
失調,名詞,1,1
大所,名詞,1,1
大帝,名詞,1,1
墓穴,名詞,1,1
外見,名詞,1,1
外政,名詞,1,1
外子,名詞,1,1
外套,名詞,1,1
外向,名詞,1,1
外出,名詞,1,1
夏休み,名詞,1,1
変革,名詞,1,1
変奏曲,名詞,1,1
変動,名詞,1,1
変る,動詞,1,1
壺,名詞,1,1
売上,名詞,1,1
声望,名詞,1,1
壕,名詞,1,1
壊れる,動詞,1,1
外界,名詞,1,1
外面,名詞,1,1
大好き,名詞,1,1
多様,名詞,1,1
大声,名詞,1,1
大国,名詞,1,1
大喪,名詞,1,1
大勝,名詞,1,1
大人びる,動詞,1,1
大人しい,形容詞,1,1
大人,名詞,1,1
大事,名詞,1,1
大げさ,名詞,1,1
大々的,名詞,1,1
夢見る,動詞,1,1
夢想,名詞,1,1
夜間,名詞,1,1
夜中,名詞,1,1
多発,名詞,1,1
呈す,動詞,1,1
吹聴,名詞,1,1
吹き飛ぶ,動詞,1,1
原理,名詞,1,1
原,名詞,1,1
厚顔無恥,名詞,1,1
厚意,名詞,1,1
厚かましい,形容詞,1,1
却下,名詞,1,1
即死,名詞,1,1
印刷,名詞,1,1
印,名詞,1,1
占う,動詞,1,1
占い師,名詞,1,1
博物学,名詞,1,1
博す,動詞,1,1
博,名詞,1,1
単身,名詞,1,1
単一,名詞,1,1
原則,名詞,1,1
厩舎,名詞,1,1
南西,名詞,1,1
厳命,名詞,1,1
取りざた,名詞,1,1
収蔵,名詞,1,1
収まる,動詞,1,1
反響,名詞,1,1
反面,名詞,1,1
反論,名詞,1,1
反感,名詞,1,1
友誼,名詞,1,1
友,名詞,1,1
参謀,名詞,1,1
参内,名詞,1,1
厳粛,名詞,1,1
厳禁,名詞,1,1
厳戒,名詞,1,1
厳守,名詞,1,1
南部,名詞,1,1
南米,名詞,1,1
吹き込む,動詞,1,1
勝ち,名詞,1,1
動脈,名詞,1,1
動員,名詞,1,1
動向,名詞,1,1
動き回る,動詞,1,1
勇気,名詞,1,1
勃起,名詞,1,1
効く,動詞,1,1
労力,名詞,1,1
労働党,名詞,1,1
劫掠,名詞,1,1
助演,名詞,1,1
助け,名詞,1,1
劣等,名詞,1,1
劣後,名詞,1,1
加盟,名詞,1,1
動議,名詞,1,1
勝手,名詞,1,1
南東,名詞,1,1
勝訴,名詞,1,1
南方,名詞,1,1
南北戦争,名詞,1,1
卒業生,名詞,1,1
卒中,名詞,1,1
半身,名詞,1,1
十字架,名詞,1,1
医者,名詞,1,1
医学,名詞,1,1
区画,名詞,1,1
北郊,名詞,1,1
北西,名詞,1,1
北イタリア,名詞,1,1
包茎,名詞,1,1
勧進,名詞,1,1
募金,名詞,1,1
取りつける,動詞,1,1
取りなす,動詞,1,1
取りはからう,動詞,1,1
同院,名詞,1,1
同誌,名詞,1,1
同腹,名詞,1,1
同級生,名詞,1,1
同社,名詞,1,1
同病,名詞,1,1
同派,名詞,1,1
同格,名詞,1,1
同年代,名詞,1,1
合戦,名詞,1,1
合併症,名詞,1,1
合わせ,名詞,1,1
各種,名詞,1,1
右足,名詞,1,1
叱咤,名詞,1,1
台頭,名詞,1,1
同道,名詞,1,1
名人,名詞,1,1
取りやめる,動詞,1,1
名付け,名詞,1,1
吹き出物,名詞,1,1
含み,名詞,1,1
否決,名詞,1,1
否応,名詞,1,1
否や,名詞,1,1
吠える,動詞,1,1
吝嗇,名詞,1,1
君臨,名詞,1,1
君,名詞,1,1
向き,名詞,1,1
向かい合う,動詞,1,1
吐き出す,動詞,1,1
名将,名詞,1,1
名家,名詞,1,1
名君,名詞,1,1
台車,名詞,1,1
台所,名詞,1,1
可決,名詞,1,1
召集,名詞,1,1
受けいれる,動詞,1,1
取締役,名詞,1,1
取り違える,動詞,1,1
取り返す,動詞,1,1
取り込み,名詞,1,1
取り続ける,動詞,1,1
取り組める,動詞,1,1
取り立てる,動詞,1,1
取り掛かる,動詞,1,1
取り持つ,動詞,1,1
取り巻く,動詞,1,1
取り寄せる,動詞,1,1
取り囲む,動詞,1,1
取り合わせ,名詞,1,1
取り入れる,動詞,1,1
受け持つ,動詞,1,1
受理,名詞,1,1
受難,名詞,1,1
口走る,動詞,1,1
召し抱える,動詞,1,1
叩き込む,動詞,1,1
古臭い,形容詞,1,1
古文書,名詞,1,1
古城,名詞,1,1
古めかしい,形容詞,1,1
口説く,動詞,1,1
受領,名詞,1,1
口腔,名詞,1,1
口癖,名詞,1,1
口実,名詞,1,1
口さがない,形容詞,1,1
叙勲,名詞,1,1
受験,名詞,1,1
好み,名詞,1,1
好感,名詞,1,1
急変,名詞,1,1
建立,名詞,1,1
建て,名詞,1,1
延焼,名詞,1,1
延ばす,動詞,1,1
延,名詞,1,1
廃墟,名詞,1,1
康弘,名詞,1,1
庭師,名詞,1,1
庭,名詞,1,1
度重なる,動詞,1,1
店長,名詞,1,1
底,名詞,1,1
序文,名詞,1,1
床下,名詞,1,1
広範,名詞,1,1
幾日,名詞,1,1
建物,名詞,1,1
建言,名詞,1,1
幾ら,名詞,1,1
建造,名詞,1,1
張り,名詞,1,1
弱体,名詞,1,1
弱まる,動詞,1,1
弱々しい,形容詞,1,1
引き留める,動詞,1,1
引き替える,動詞,1,1
引き揚げ,名詞,1,1
引き延ばす,動詞,1,1
引き合う,動詞,1,1
引き伸ばす,動詞,1,1
引きずる,動詞,1,1
弔問,名詞,1,1
弁護,名詞,1,1
弁える,動詞,1,1
廻せる,動詞,1,1
幾多,名詞,1,1
幾ばく,名詞,1,1
強化,名詞,1,1
帳,名詞,1,1
帰属,名詞,1,1
帰,名詞,1,1
師範,名詞,1,1
師傅,名詞,1,1
帝王切開,名詞,1,1
希,名詞,1,1
布石,名詞,1,1
市長,名詞,1,1
市街,名詞,1,1
市松,名詞,1,1
市役所,名詞,1,1
市庁舎,名詞,1,1
市川,名詞,1,1
巻く,動詞,1,1
巻き付く,動詞,1,1
帰路,名詞,1,1
帳尻,名詞,1,1
幼馴染,名詞,1,1
常態,名詞,1,1
幼君,名詞,1,1
幼友達,名詞,1,1
幻滅,名詞,1,1
年額,名詞,1,1
年甲斐,名詞,1,1
年末,名詞,1,1
年月,名詞,1,1
年少,名詞,1,1
年子,名詞,1,1
年々,名詞,1,1
平行,名詞,1,1
平安,名詞,1,1
幕,名詞,1,1
常連,名詞,1,1
常識,名詞,1,1
張り合う,動詞,1,1
強国,名詞,1,1
好戦,名詞,1,1
忘れ形見,名詞,1,1
志願,名詞,1,1
志向,名詞,1,1
志す,動詞,1,1
忍ぶ,動詞,1,1
忍び込む,動詞,1,1
忌日,名詞,1,1
忌み嫌う,動詞,1,1
忌々しい,形容詞,1,1
必至,名詞,1,1
必死,名詞,1,1
心頭,名詞,1,1
心筋梗塞,名詞,1,1
心情,名詞,1,1
心待ち,名詞,1,1
心地よい,形容詞,1,1
忘れ去る,動詞,1,1
応急,名詞,1,1
徹底的,名詞,1,1
応援,名詞,1,1
急ごしらえ,名詞,1,1
急き立てる,動詞,1,1
怠惰,名詞,1,1
怠る,動詞,1,1
怠け者,名詞,1,1
思考,名詞,1,1
思惑,名詞,1,1
思い立つ,動詞,1,1
思い出す,動詞,1,1
思いやる,動詞,1,1
思いつく,動詞,1,1
念願,名詞,1,1
念頭,名詞,1,1
念じる,動詞,1,1
応酬,名詞,1,1
心不全,名詞,1,1
徹す,動詞,1,1
強圧,名詞,1,1
役立つ,動詞,1,1
彫像,名詞,1,1
彫る,動詞,1,1
彩り,名詞,1,1
当選,名詞,1,1
当代,名詞,1,1
当世風,名詞,1,1
当てはまる,動詞,1,1
当て,名詞,1,1
当たり前,名詞,1,1
弾薬,名詞,1,1
弾く,動詞,1,1
弾,名詞,1,1
強迫,名詞,1,1
強行,名詞,1,1
強大,名詞,1,1
役柄,名詞,1,1
往復,名詞,1,1
徳丸,名詞,1,1
往生,名詞,1,1
復興,名詞,1,1
御用邸,名詞,1,1
御影石,名詞,1,1
従順,名詞,1,1
従兄弟,名詞,1,1
従える,動詞,1,1
後部,名詞,1,1
後生気,名詞,1,1
後ろめたい,形容詞,1,1
律,名詞,1,1
待合室,名詞,1,1
待ち構える,動詞,1,1
待ち受ける,動詞,1,1
待たす,動詞,1,1
征服,名詞,1,1
己,名詞,1,1
差す,動詞,1,1
差し置く,動詞,1,1
宥める,動詞,1,1
客車,名詞,1,1
客室,名詞,1,1
客員,名詞,1,1
客人,名詞,1,1
実習,名詞,1,1
実益,名詞,1,1
実用,名詞,1,1
実姉,名詞,1,1
宝冠,名詞,1,1
宛て,名詞,1,1
定義,名詞,1,1
定例,名詞,1,1
官報,名詞,1,1
官位,名詞,1,1
完了,名詞,1,1
室内,名詞,1,1
宰,名詞,1,1
安穏,名詞,1,1
害,名詞,1,1
容認,名詞,1,1
容色,名詞,1,1
容易,名詞,1,1
容態,名詞,1,1
容子,名詞,1,1
容れる,動詞,1,1
家計,名詞,1,1
家臣,名詞,1,1
家父,名詞,1,1
家格,名詞,1,1
家政学,名詞,1,1
家庭的,名詞,1,1
家内,名詞,1,1
家元,名詞,1,1
家中,名詞,1,1
完,名詞,1,1
安楽,名詞,1,1
差し掛かる,動詞,1,1
嬉しい,形容詞,1,1
嫌い,名詞,1,1
嫉視,名詞,1,1
嫁入り,名詞,1,1
婚期,名詞,1,1
婚儀,名詞,1,1
威厳,名詞,1,1
威信,名詞,1,1
妾,名詞,1,1
妻帯,名詞,1,1
妬む,動詞,1,1
妨害,名詞,1,1
妥協,名詞,1,1
妄想,名詞,1,1
妃殿下,名詞,1,1
如才,名詞,1,1
嫌気,名詞,1,1
子宝,名詞,1,1
安易,名詞,1,1
子宮,名詞,1,1
安堵,名詞,1,1
安否,名詞,1,1
安らぎ,名詞,1,1
守れる,動詞,1,1
宅,名詞,1,1
学部,名詞,1,1
学識,名詞,1,1
学科,名詞,1,1
学業,名詞,1,1
学士,名詞,1,1
学友,名詞,1,1
存続,名詞,1,1
存分,名詞,1,1
孕む,動詞,1,1
子息,名詞,1,1
宿舎,名詞,1,1
寄り添う,動詞,1,1
寄与,名詞,1,1
山脈,名詞,1,1
属国,名詞,1,1
展覧,名詞,1,1
展,名詞,1,1
届ける,動詞,1,1
届く,動詞,1,1
居所,名詞,1,1
居宅,名詞,1,1
尾上,名詞,1,1
尽きる,動詞,1,1
尻目,名詞,1,1
就職,名詞,1,1
就ける,動詞,1,1
少将,名詞,1,1
小麦,名詞,1,1
小錦,名詞,1,1
履修,名詞,1,1
山荘,名詞,1,1
密会,名詞,1,1
島本,名詞,1,1
差し押さえる,動詞,1,1
差し伸べる,動詞,1,1
巨費,名詞,1,1
左遷,名詞,1,1
左足,名詞,1,1
左派,名詞,1,1
左岸,名詞,1,1
工面,名詞,1,1
工員,名詞,1,1
巡回,名詞,1,1
州立,名詞,1,1
嵐,名詞,1,1
崩落,名詞,1,1
崩れる,動詞,1,1
崇敬,名詞,1,1
小言,名詞,1,1
小規模,名詞,1,1
小田,名詞,1,1
小村,名詞,1,1
対策,名詞,1,1
対人,名詞,1,1
寸前,名詞,1,1
寮,名詞,1,1
寝返る,動詞,1,1
寝返り,名詞,1,1
寝起き,名詞,1,1
寝所,名詞,1,1
寝そべる,動詞,1,1
寛容,名詞,1,1
寒波,名詞,1,1
富士山,名詞,1,1
富む,動詞,1,1
密約,名詞,1,1
密林,名詞,1,1
寿命,名詞,1,1
専心,名詞,1,1
専門医,名詞,1,1
小さめ,名詞,1,1
小惑星,名詞,1,1
小心,名詞,1,1
小学校,名詞,1,1
小姑,名詞,1,1
小型,名詞,1,1
小児科,名詞,1,1
導入,名詞,1,1
将官,名詞,1,1
尋常,名詞,1,1
尋問,名詞,1,1
尊重,名詞,1,1
尊称,名詞,1,1
尊大,名詞,1,1
尊厳,名詞,1,1
７,名詞,1,1
