"number","title","pageid","namespace","length","touched"
"1","メアリー1世_(イングランド女王)","26741","","25534","20220520220448"
"2","ヴィクトリア_(ドイツ皇后)","81754","","20973","20220511064128"
"3","アリス_(ヘッセン大公妃)","90897","","8258","20220530161026"
"4","ベアトリス_(イギリス王女)","91600","","6248","20210307075642"
"5","ダイアナ_(プリンセス・オブ・ウェールズ)","91976","","141459","20220614100009"
"6","キャサリン・オブ・アラゴン","105591","","58037","20220607152830"
"7","マデレーン_(スウェーデン王女)","152555","","10895","20220607100652"
"8","ヴィクトリア_(スウェーデン皇太子)","152848","","15646","20220607100745"
"9","アンナ・パヴロヴナ","166869","","5436","20210821235655"
"10","レーニエ3世","187272","","8520","20220420092855"
"11","カミラ_(コーンウォール公爵夫人)","205345","","15229","20220307131439"
"12","ポーリーヌ・ボナパルト","238638","","7573","20210613075025"
"13","オルタンス・ド・ボアルネ","293452","","7771","20210808080358"
"14","メアリー_(デンマーク皇太子妃)","349301","","4375","20210430175354"
"15","ウルリカ・エレオノーラ・アヴ・ダンマルク","359756","","4820","20210425032807"
"16","ルイーゼ・ウルリーケ・フォン・プロイセン","435875","","10854","20210910142500"
"17","アン・ネヴィル","526481","","10148","20210213112648"
"18","ゾフィー_(オーストリア大公妃)","563314","","14516","20220628012329"
"19","カロリーヌ・ド・モナコ","575149","","5078","20220510132420"
"20","イングリッド・アレクサンドラ","633259","","5574","20220513170743"
"21","ルイーセ・アウグスタ・ア・ダンマーク","715428","","11791","20210808140003"
"22","マチルド・ボナパルト","720346","","4086","20220315154416"
"23","アレクサンドラ・フョードロヴナ_(ニコライ1世皇后)","771533","","7258","20220608151658"
"24","アレクサンドラ・マンリー","791296","","7517","20210316192556"
"25","レティシア_(スペイン王妃)","791381","","10509","20220409155535"
"26","マリア・フョードロヴナ_(アレクサンドル3世皇后)","792472","","60509","20210917222431"
"27","メアリー・オブ・テック","796622","","31100","20220620080132"
"28","アレクサンドラ・オブ・デンマーク","796745","","29288","20220630145535"
"29","ウォリス・シンプソン","798479","","19858","20211210145955"
"30","キャロライン・オブ・ブランズウィック","801191","","12352","20220622182230"
"31","アン_(イギリス王女)","802309","","13766","20220429064033"
"32","マーガレット_(スノードン伯爵夫人)","802328","","10353","20220524110711"
"33","マリー・フォン・プロイセン_(1825-1889)","815389","","4769","20220414155429"
"34","マリー・フォン・プロイセン_(1855-1888)","815717","","4896","20210409124108"
"35","オーガスタ・オブ・サクス＝ゴータ","830383","","6698","20210305093700"
"36","ゾフィー・フォン・デア・プファルツ","832346","","17478","20220517023900"
"37","マリー・ファン・オラニエ＝ナッサウ","840649","","4494","20210303103851"
"38","ルイーゼ・ファン・オラニエ＝ナッサウ","840678","","4885","20211001065305"
"39","ソフィー・ファン・オラニエ＝ナッサウ","840687","","6727","20220226023301"
"40","エリザベート・ド・ベルジック","842771","","5686","20220504083329"
"41","アレクシア・ファン・オラニエ＝ナッサウ","842931","","6166","20220416132345"
"42","シャーロット・オーガスタ・オブ・ウェールズ","855969","","10941","20211103071303"
"43","アストリッド・ド・スエード","907672","","6377","20220225003609"
"44","クロティルド・クロー","914479","","7583","20220324143725"
"45","マリーア・ジョゼ・デル・ベルジョ","914594","","8550","20220225003853"
"46","エレオノーレ・マグダレーネ・フォン・プファルツ＝ノイブルク","921865","","5826","20220528123152"
"47","ゾフィー・ドロテア・フォン・ハノーファー","925188","","9345","20220527122119"
"48","ヴィルヘルミーネ・フォン・プロイセン_(1709-1758)","931544","","6886","20210409114843"
"49","キャロライン・マティルダ・オブ・ウェールズ","932543","","10665","20210808135804"
"50","キャサリン_(ケンブリッジ公爵夫人)","933073","","29608","20220604071512"
"51","マリア・ルイサ・デ・パルマ","934973","","10180","20210303103811"
"52","マリア・ピア・デ・サボイア","935804","","5696","20220329065358"
"53","マリー・アンヌ・ド・バヴィエール","937204","","4554","20211105064650"
"54","マリー・アデライード・ド・サヴォワ","937247","","6697","20220612235507"
"55","ヴィクトリア・オブ・サクス＝コバーグ＝ザールフィールド","946471","","10189","20201019044459"
"56","マルグリット・ドートリッシュ","962245","","12416","20220529104900"
"57","カロリーネ・アウグステ・フォン・バイエルン","964727","","9234","20220528134342"
"58","キャロライン・オブ・アーンズバック","965845","","18846","20210924123305"
"59","モード_(ノルウェー王妃)","970145","","5346","20210307185235"
"60","テレサ・クリスティナ・デ・ボルボン＝シシリアス","971295","","10041","20220408060359"
"61","エリザヴェータ・アレクセーエヴナ","972775","","10548","20220524170033"
"62","フリーデリケ・フォン・バーデン","974882","","4932","20220226150449"
"63","マリー・ゾフィー・フォン・デア・プファルツ","974978","","4584","20210308142449"
"64","イサベル・デ・ボルボン","974994","","4359","20211019140710"
"65","マリー・ルイーズ・ドルレアン","976311","","2537","20220411164031"
"66","バルバラ・デ・ブラガンサ","976345","","3684","20210306173323"
"67","マリア・アンナ・フォン・プファルツ＝ノイブルク","976377","","5431","20210427062837"
"68","ステファニー・ド・ボアルネ","977434","","6181","20220524174600"
"69","ルイーズ・エリザベート・ドルレアン","981485","","4364","20210306182404"
"70","シャルロット・ド・サヴォワ","981665","","4033","20210311145517"
"71","ジョゼフィーヌ・ド・ボアルネ_(スウェーデン王妃)","981677","","5543","20211001065200"
"72","マリア・ルイーザ・ディ・サヴォイア","983882","","3907","20220612235914"
"73","ソフィア・ヴィルヘルミナ・アヴ・スヴェーリエ","985191","","4857","20220227050745"
"74","ヴィクトリア・フォン・バーデン","985249","","6728","20220524183422"
"75","オーガスタ・オブ・ウェールズ","986258","","5721","20210522112754"
"76","ルイーズ・オブ・グレート・ブリテン","987292","","4087","20210307054333"
"77","カタリーナ・フォン・ヴュルテンベルク","992746","","4085","20210404060934"
"78","メアリー・オブ・グレート・ブリテン","992768","","3864","20210313111125"
"79","シャーロット_(ヴュルテンベルク王妃)","992960","","6053","20220414162909"
"80","アストリッド・ド・ベルジック","993480","","4517","20220305123349"
"81","ステファニー・ド・モナコ","993703","","5095","20220422094356"
"82","ヨゼフィーネ・フォン・バーデン","993929","","3786","20220524175823"
"83","マーガレット・オブ・コノート","994159","","6911","20210305093926"
"84","ジョゼフィーヌ＝シャルロット・ド・ベルジック","994741","","8566","20220305121657"
"85","ゾフィー・フォン・ヴュルテンベルク","995637","","5883","20210821235747"
"86","ソフィア・マグダレーナ・アヴ・ダンマルク","995860","","4785","20210808222810"
"87","エリーザベト・ルドヴィカ・フォン・バイエルン","996112","","3540","20210520062044"
"88","セシリア・アヴ・スヴェーリエ","997548","","3363","20220224140558"
"89","オリガ・フョードロヴナ","997577","","3967","20220524182719"
"90","ツェツィーリア・フォン・グリーヒェンラント","998973","","5820","20220609020542"
"91","マリア・マヌエラ・デ・ポルトゥガル","999235","","2855","20220329070506"
"92","マリア・ヨーゼファ・フォン・バイエルン","999245","","4334","20220528124834"
"93","アウグステ・フォン・バイエルン","999345","","5335","20191105104956"
"94","アメリー・ド・ボアルネ","999381","","4621","20220408051244"
"95","ソフィア_(ギリシャ王妃)","1000512","","5686","20210409115947"
"96","エリサヴェト_(ギリシャ王妃)","1001396","","3799","20210310061227"
"97","アスパシア・マノス","1001429","","5242","20180505150921"
"98","ヴィクトリア・メリタ・オブ・サクス＝コバーグ＝ゴータ","1002583","","10247","20210613100732"
"99","マリーア・クロティルデ・ディ・サヴォイア","1002681","","3155","20220224144205"
"100","マリーア・エリザベッタ・ディ・サヴォイア＝カリニャーノ","1002763","","3315","20210318195521"
"101","ジョヴァンナ・ディ・サヴォイア","1003421","","7003","20210305161742"
"102","マリア・アレクサンドロヴナ_(ザクセン＝コーブルク＝ゴータ公妃)","1004150","","8478","20210915160052"
"103","ヴィルヘルミーネ・フォン・バーデン","1006828","","4391","20220524172445"
"104","アリス・オブ・バッテンバーグ","1007225","","15117","20210807043220"
"105","アリス・エーヌ","1008249","","4377","20211125235806"
"106","ドロテア・ゾフィア・フォン・プファルツ＝ノイブルク","1010276","","5176","20210313074534"
"107","ベアトリス・オブ・サクス＝コバーグ＝ゴータ","1011587","","6428","20210613100742"
"108","マリア_(ルーマニア王妃)","1011629","","13395","20220130054818"
"109","テューラ・ア・ダンマーク_(1853-1933)","1016293","","7955","20220206090124"
"110","マリア・ヨーゼファ・フォン・ザクセン","1017877","","4661","20220404143301"
"111","アマーリエ・アウグステ・フォン・バイエルン","1017888","","7546","20210328020235"
"112","マリーア・クリスティーナ・ディ・サヴォイア","1017911","","4046","20210811140008"
"113","エリザベート・シャルロット・ド・バヴィエール","1018879","","16747","20220516121710"
"114","マリア・アントーニア・フォン・バイエルン","1018932","","4345","20210519062500"
"115","ヘンリエッテ・アーデルハイト・フォン・ザヴォイエン","1021607","","4634","20220529101416"
"116","アンナ・ヴァーサ","1022463","","3924","20210717221056"
"117","アンナ・マリーア・ドルレアンス","1024376","","6344","20220414143336"
"118","マリア・アンナ・フォン・バイエルン_(1805-1877)","1033550","","4389","20220528134507"
"119","カルロッタ・アグラエ・ドルレアンス","1035531","","5366","20210307001209"
"120","ギーゼラ・フォン・エスターライヒ","1036224","","4967","20220528134517"
"121","マリア・アンナ・フォン・ザヴォイエン","1036628","","4849","20220528134522"
"122","マリー・ジョゼフィーヌ・ド・サヴォワ","1036648","","6453","20210709022508"
"123","エリザベート・シャルロット・ドルレアン","1036706","","5251","20211119081000"
"124","マルゲリータ・ルイーザ・ディ・ボルボーネ＝オルレアンス","1036756","","3842","20220601112248"
"125","マリー・テレーズ・ド・サルデーニュ","1037955","","4528","20210707173941"
"126","ルドヴィカ・フォン・バイエルン","1038034","","10827","20220528134527"
"127","ツェツィーリエ・フォン・メクレンブルク＝シュヴェリーン","1039527","","9963","20210423053357"
"128","シャルロッテ・フォン・ベルギエン","1039626","","10978","20220528134532"
"129","イレーネ・フォン・ヘッセン＝ダルムシュタット","1040700","","3937","20220311194803"
"130","ロヴィーサ・アヴ・スヴェーリエ","1040817","","5613","20210307054813"
"131","マリー・アンヌ・ド・ブルボン","1041230","","4447","20220605081423"
"132","ルイーズ・アンリエット・ド・ブルボン＝コンティ","1043258","","4336","20210308145611"
"133","マリー・フォルテュネ・デスト＝モデーヌ","1044639","","3857","20220627122633"
"134","ルイーズ・ディアーヌ・ドルレアン","1044647","","2675","20210825093820"
"135","ルイーズ・フランソワーズ・ド・ブルボン","1044688","","4228","20200531121136"
"136","マティルデ・カロリーネ・フォン・バイエルン","1045065","","3295","20220311192316"
"137","アンヌ・ド・バヴィエール","1047315","","4209","20210910142411"
"138","マリーア・ベアトリーチェ・ディ・サヴォイア","1047937","","5031","20210307012915"
"139","アーデルグンデ・フォン・バイエルン_(1823-1914)","1048895","","3912","20210404101428"
"140","ヘレナ_(イギリス王女)","1049133","","9983","20220623170401"
"141","ヒルデガルト・フォン・バイエルン_(1825-1864)","1050031","","4032","20210317030158"
"142","ルイーズ_(アーガイル公爵夫人)","1050308","","7790","20210410115718"
"143","ルイーズ_(ファイフ公爵夫人)","1052190","","6394","20210410115644"
"144","メアリー_(ハーウッド伯爵夫人)","1052273","","9714","20210916144830"
"145","カタリナ・デ・ランカステル","1058804","","6249","20210614122855"
"146","ジビラ・フォン・ザクセン＝コーブルク＝ゴータ","1060313","","7081","20220309102539"
"147","マルゲリータ・ディ・サヴォイア_(マントヴァ公妃)","1071048","","6925","20210524085056"
"148","ヴィクトリア・アレクサンドラ_(イギリス王女)","1075350","","5307","20210807045857"
"149","ルイーズ・エリザベート・ド・ブルボン＝コンデ","1075437","","4429","20210313121013"
"150","アマーリエ・フォン・ゾルムス＝ブラウンフェルス","1075759","","5883","20210811144627"
"151","マッタ・アヴ・スヴェーリエ","1084331","","6297","20210307052854"
"152","マッタ・ルイーセ_(ノルウェー王女)","1085745","","5249","20220624204854"
"153","マリー・フォン・ザクセン＝アルテンブルク_(1818-1907)","1093219","","4979","20210410103816"
"154","マルガレーテ・フォン・ザクセン_(1840-1858)","1093246","","3063","20220404143347"
"155","マリー・フォン・ザクセン＝ヴァイマル＝アイゼナハ","1093333","","4732","20220226021934"
"156","マリア・フォン・ホーエンツォレルン＝ジグマリンゲン","1093358","","3924","20210312204654"
"157","マティルデ・イン・バイエルン","1093869","","4243","20210318195255"
"158","フリーデリケ・ツー・メクレンブルク","1102479","","16250","20220629202834"
"159","マリア_(ユーゴスラビア王妃)","1124344","","6478","20210312204629"
"160","イレアナ_(ルーマニア王女)","1124410","","5753","20210310061529"
"161","アレクサンドリーネ・フォン・バーデン","1126490","","3744","20220524181656"
"162","ルイーゼ・マルガレーテ・フォン・プロイセン","1126518","","5260","20201202131258"
"163","ヴィクトリア・フォン・プロイセン_(1866-1929)","1129801","","4354","20220413092928"
"164","シャルロッテ・フォン・プロイセン_(1860-1919)","1129832","","5114","20210409121055"
"165","マルガレーテ・フォン・プロイセン","1129859","","5466","20220413092825"
"166","マファルダ・ディ・サヴォイア","1129898","","6243","20210404005036"
"167","エレナ・ア・ロムニエイ","1132277","","5050","20220609014105"
"168","ヴィクトリア・ルイーゼ・フォン・プロイセン","1132302","","6577","20220303170134"
"169","エレナ・パヴロヴナ_(ロシア大公妃)","1143518","","5513","20210613085435"
"170","アンヌ・マリー・マルティノッジ","1160293","","3619","20210307062142"
"171","アンヌ・ジュヌヴィエーヴ・ド・ブルボン＝コンデ","1161761","","6022","20220602114313"
"172","アレクサンドラ_(ユーゴスラビア王妃)","1170630","","7808","20210422043522"
"173","ルイーズ・アデライード・ドルレアン","1190446","","2785","20210312141852"
"174","ルイーズ・マリー・アデライード・ドルレアン","1191426","","5003","20210709225451"
"175","エレナ・ウラジーミロヴナ","1215375","","6776","20220617111228"
"176","マルガレーテ・フォン・ザクセン_(1900-1962)","1226069","","4934","20220406032044"
"177","アウグステ・フォン・ヘッセン＝カッセル","1257312","","4528","20191203123225"
"178","メアリー・アデレード・オブ・ケンブリッジ","1257548","","8459","20220301113441"
"179","オーガスタ・オブ・ケンブリッジ","1257633","","6238","20220301114151"
"180","アリス・オブ・オールバニ","1258779","","8434","20210622063701"
"181","マリナ_(ケント公爵夫人)","1291815","","6252","20220527152248"
"182","ルイーゼ・フォン・プロイセン_(1838-1923)","1384308","","4052","20220227142442"
"183","アレクサンドリーネ・フォン・プロイセン_(1803-1892)","1384323","","5266","20220608151513"
"184","アマリア・デル・ピラール・デ・ボルボーン","1476114","","3131","20210801105403"
"185","マリア・ホセファ・デ・サホニア","1476870","","2974","20210307032724"
"186","マリー・ルイーズ・エリザベート・ドルレアン","1477483","","3302","20210613045047"
"187","アーデルグンデ・フォン・バイエルン_(1870-1958)","1478098","","3076","20210404101543"
"188","エリザベッタ・ディ・サッソニア","1478526","","3633","20210313032846"
"189","エリーザベト・クリスティーネ・フォン・ブラウンシュヴァイク＝ヴォルフェンビュッテル_(1746-1840)","1481658","","4432","20210404054304"
"190","フィリッピーネ・シャルロッテ・フォン・プロイセン","1481672","","5132","20210409120419"
"191","フリーデリケ・ルイーゼ・フォン・プロイセン","1481684","","3848","20210409120532"
"192","フリーデリケ・シャルロッテ・フォン・プロイセン","1481779","","3464","20210307075201"
"193","ベアトリス・オブ・ヨーク","1504347","","9092","20220429063511"
"194","ルイーゼ・フォン・プロイセン_(1680-1705)","1511437","","3708","20200906052140"
"195","ユージェニー・オブ・ヨーク","1511773","","8765","20220516032222"
"196","マリア・アントニア・デ・ナポレス・イ・シシリア","1519275","","4662","20210313104637"
"197","マリーア・テレーザ・ディ・サヴォイア_(パルマ公妃)","1519333","","4911","20220505165203"
"198","アレクサンドラ・フォン・ハノーファー_(1882-1963)","1535383","","6094","20200810154551"
"199","ルイーゼ・フォン・プロイセン_(1808-1870)","1537758","","4218","20210310064040"
"200","ブランカ2世","1541327","","4054","20220617040329"
"201","シャルロット＝マルグリット・ド・モンモランシー","1560438","","4225","20220602114041"
"202","グレース・ケリー","1572546","","15796","20220508084951"
"203","ルイーズ・ウィンザー","1590401","","11102","20220429063955"
"204","キャサリン_(ケント公爵夫人)","1590414","","3433","20200722020718"
"205","ソフィー_(ウェセックス伯爵夫人)","1590425","","6784","20210322040118"
"206","マリー＝クリスティーヌ_(マイケル王子夫人)","1590441","","10230","20210419065255"
"207","アレクサンドラ_(レディ・オギルヴィ)","1590445","","6637","20220513053451"
"208","アレクサンドリーネ・フォン・プロイセン_(1842-1906)","1590526","","3422","20210409114341"
"209","パウリーネ・フォン・ヴュルテンベルク_(1810-1856)","1601951","","3585","20210404061824"
"210","マドレーヌ・ド・フランス_(ビアナ公妃)","1603664","","4668","20211130135949"
"211","ルイーズ・ド・サヴォワ","1604590","","4817","20210404010424"
"212","アレクサンドラ_(第2代ファイフ公爵)","1605704","","4986","20220609010122"
"213","フリーデリケ・フォン・ハノーファー_(1848-1926)","1639880","","6686","20220301093449"
"214","メアリー・ヴィクトリア・ダグラス＝ハミルトン","1678043","","6557","20220424034706"
"215","マリーア・クレメンティーナ・ダズブルゴ＝ロレーナ_(1798-1881)","1688894","","3577","20220528131701"
"216","マリア・フェルディナンダ・ディ・サッソニア","1688967","","10777","20220612051234"
"217","マリア・アンナ・カロリーナ・ディ・サッソニア","1688996","","4317","20210306180139"
"218","アウグステ・フェルディナンデ・フォン・エスターライヒ＝トスカーナ","1689007","","5553","20220529161623"
"219","ルイーゼ・フォン・プロイセン_(1770-1836)","1689071","","3295","20210306182423"
"220","マリー・カヴァリエ","1778839","","4418","20200116210005"
"221","マリア・アウグスタ・フォン・ザクセン","1780623","","3291","20210313104627"
"222","マリー・ボナパルト","1784888","","4032","20220111055733"
"223","ウジェニー・ド・ボアルネ","1785236","","3177","20210316201544"
"224","ルイーズ・ダルトワ","1789226","","5697","20210825101817"
"225","アレクサンドラ・フォン・ザクセン＝コーブルク・ウント・ゴータ","1790271","","4434","20220217071900"
"226","エリーザベト・フォン・グロスブリタンニエン","1814079","","4891","20210305095428"
"227","イレーネ・ディ・グレチア","1828634","","4565","20210316195600"
"228","フェリーチェ・デッラ・ローヴェレ","1830871","","6066","20210311171154"
"229","ビルギッタ_(スウェーデン王女)","1907846","","5104","20210307051611"
"230","マリア・クリスティーナ・フォン・ザクセン_(1770-1851)","1955848","","7792","20220528125239"
"231","フランソワーズ・マドレーヌ・ドルレアン","1987612","","3479","20220516120704"
"232","オルガ・ティス・エラザス_(1903-1997)","2020953","","8638","20210807043407"
"233","エリサヴェト・ティス・エラザス","2020963","","3792","20180506053801"
"234","エイゲニア・ティス・エラザス","2020966","","2501","20210311143244"
"235","エカテリニ_(ギリシャ王女)","2043377","","5870","20200730125230"
"236","セオドラ・ティス・エラザス_(1983-)","2043552","","4827","20201108145405"
"237","オルガ・ティス・エラザス_(1971-)","2044024","","6734","20211019142052"
"238","マルガリタ・ティス・エラザス","2044258","","5177","20220407055907"
"239","セオドラ・ティス・エラザス_(1906-1969)","2044279","","4487","20220304154650"
"240","ソフィア・ティス・エラザス","2044322","","5915","20220401102156"
"241","フランソワーズ・ドルレアン_(1902-1953)","2044822","","3022","20211019141348"
"242","アレクサンドラ・ド・リュクサンブール","2075843","","4347","20211113183208"
"243","ルイーゼ・フォン・エスターライヒ＝トスカーナ","2082046","","9186","20220528135328"
"244","フリーデリケ・フォン・プロイセン_(1796-1850)","2083643","","2974","20210409120623"
"245","シャルロッテ・フォン・プロイセン_(1831-1855)","2083670","","3706","20210409115808"
"246","オーガスタ・ソフィア・オブ・ザ・ユナイテッド・キングダム","2084305","","2935","20210307064012"
"247","ソフィア・オブ・ザ・ユナイテッド・キングダム","2084329","","3569","20210308190425"
"248","マリーア・ヴィットーリア・ダル・ポッツォ・デッラ・チステルナ","2115264","","5260","20210522121440"
"249","パトリシア・オブ・コノート","2120105","","6658","20210613101824"
"250","シャルレーヌ_(モナコ公妃)","2122021","","5698","20210621043136"
"251","エリーザベト・マリー・フォン・バイエルン","2139883","","5479","20220528135408"
"252","アウグステ・フォン・バイエルン_(1875-1964)","2139920","","4578","20210404101326"
"253","マティルデ・フォン・バイエルン_(1877-1906)","2139931","","3605","20210404115346"
"254","マリー・ガブリエーレ・イン・バイエルン","2140025","","4482","20220311121325"
"255","ジャヌアリア・マリア・デ・ブラガンサ","2148184","","3964","20210610061047"
"256","マリア・デ・ラ・パス・デ・ボルボーン","2148545","","7780","20211008163123"
"257","マリア・テレサ・デ・ボルボーン","2148597","","3246","20210324062657"
"258","ゾフィー・ドロテア・フォン・プロイセン","2152331","","5767","20210409115859"
"259","アンナ・エリーザベト・ルイーゼ・フォン・ブランデンブルク＝シュヴェート","2152684","","4049","20211225095939"
"260","ヘレーネ・アーデルハイト・フォン・シュレースヴィヒ＝ホルシュタイン＝ゾンダーブルク＝グリュックスブルク","2152856","","7190","20200618105325"
"261","ルイーゼ・アマーリエ・フォン・ブラウンシュヴァイク＝ヴォルフェンビュッテル","2158338","","6121","20220611091119"
"262","アンナ・ソフィー・ア・ダンマーク","2171339","","6047","20210307042857"
"263","ヴィルヘルミーネ・アーネスティーネ・ア・ダンマーク","2171376","","4274","20210815004905"
"264","アンナ・ア・ダンマーク_(1532-1585)","2171438","","3785","20210307062102"
"265","ヴィルヘルミーネ・マリー・ア・ダンマーク","2172089","","3722","20210317073714"
"266","カロリーネ・ア・ダンマーク","2172164","","7423","20210313040758"
"267","ルイーセ・ア・ダンマーク_(1750-1831)","2172492","","4381","20210317064718"
"268","ヴィルヘルミーネ・カロリーネ・ア・ダンマーク","2172548","","4670","20210321013036"
"269","ルイーセ・シャロデ・ア・ダンマーク","2172903","","3693","20211029040941"
"270","ルイーセ・ア・ダンマーク_(1726-1756)","2172960","","4786","20210317064713"
"271","モード_(サウスエスク伯爵夫人)","2178653","","5464","20210312210811"
"272","アンナ・フォン・ザクセン_(1836-1859)","2178838","","3111","20210306162536"
"273","ゾフィー・フォン・ザクセン_(1845-1867)","2178880","","3134","20210317004000"
"274","マリア・フォン・バイエルン","2179424","","3008","20210801132216"
"275","マリーア・イザベッラ・ダズブルゴ＝トスカーナ","2179879","","3342","20210313104941"
"276","ステファニー・ド・ベルジック","2183131","","8956","20210304095943"
"277","ルイーズ・ド・ベルジック","2183240","","7400","20210307082654"
"278","クレマンティーヌ・ド・ベルジック","2183389","","5618","20220305120622"
"279","アンリエット・ド・ベルジック","2183450","","2454","20210306162648"
"280","ジョゼフィーヌ・ド・ベルジック","2183468","","2695","20210316235011"
"281","マルガレーテ・ゾフィー・フォン・エスターライヒ","2193463","","5823","20220528135438"
"282","メアリー_(グロスター＝エディンバラ公爵夫人)","2206441","","4359","20210417105550"
"283","エリーザベト・アウグステ・ゾフィー・フォン・デア・プファルツ","2207686","","6312","20210821005342"
"284","マリア・アンナ・フォン・プロイセン","2213789","","5223","20210409121407"
"285","ヘートヴィヒ・エリーザベト・フォン・デア・プファルツ","2214095","","4708","20210410053543"
"286","マリー・アウグステ・フォン・アンハルト","2215990","","9138","20210312204810"
"287","アーデルハイト・フォン・ザクセン＝マイニンゲン_(1891-1971)","2216016","","4704","20210410055018"
"288","ゾフィー・シャルロッテ・フォン・オルデンブルク","2216450","","8329","20220224144517"
"289","アレクサンドラ・ヴィクトリア・フォン・シュレースヴィヒ＝ホルシュタイン＝ゾンダーブルク＝グリュックスブルク","2216486","","4616","20210312165649"
"290","ルイーゼ・ゾフィー・フォン・シュレースヴィヒ＝ホルシュタイン＝ゾンダーブルク＝アウグステンブルク","2216670","","6869","20220621161438"
"291","ベアトリス・デ・ボルボン・イ・バッテンベルグ","2221099","","5052","20210324064002"
"292","マリー・ドルレアン_(1865-1909)","2229807","","7192","20210312135949"
"293","インゲボー・ア・ダンマーク_(1878-1958)","2229887","","6073","20190919093201"
"294","マルガレータ・アヴ・スヴェーリエ","2230119","","3752","20200702144321"
"295","カタリーナ・ヴァーサ","2230460","","5606","20210308113903"
"296","セシリア・ヴァーサ","2230577","","9185","20210308111950"
"297","アンナ・マリア・ヴァーサ","2230898","","5413","20210403084101"
"298","ソフィア・ヴァーサ","2230910","","3174","20200820070809"
"299","エリサベト・ヴァーサ","2230952","","4538","20210305164609"
"300","シグリッド・エリクスドッテル・ヴァーサ","2231081","","4511","20210824060802"
"301","カタリーナ・アヴ・スヴェーリエ","2231307","","6210","20210328030541"
"302","ヘドヴィグ・ソフィア・アヴ・スヴェーリエ","2231478","","6829","20211006060352"
"303","アンナ・マリア・フォン・デア・プファルツ","2231578","","4365","20210815061557"
"304","カロリーネ＝マティルデ_(デンマーク王女)","2231840","","4931","20220411173453"
"305","マリー・レティシア・ボナパルト","2237540","","6962","20210313043143"
"306","イザベラ・フォン・バイエルン","2237677","","4074","20210404101946"
"307","ヨランダ・マルゲリータ・ディ・サヴォイア","2238560","","3986","20220526171706"
"308","マリア・アンナ・フォン・アンハルト＝デッサウ","2242502","","4593","20210404055615"
"309","マリー・フォン・ザクセン＝アルテンブルク_(1854-1898)","2242523","","5277","20220305113027"
"310","リリアン_(ハッランド公爵夫人)","2265139","","5790","20210307054302"
"311","ルイーズ・ドルレアン_(1869-1952)","2268010","","3708","20220630062113"
"312","ソフィー・ド・リュクサンブール","2281184","","3176","20220305112916"
"313","アレクサンドラ・フォン・バイエルン","2294169","","4408","20210404101827"
"314","マリー・ド・クレーヴ_(1553-1574)","2294549","","3820","20220602113406"
"315","エリーザベト・アンナ・フォン・プロイセン","2323948","","4194","20220224144117"
"316","カロリーネ・マリアンネ・ツー・メクレンブルク","2326330","","3568","20210307064242"
"317","シャルロッテ・フリーデリケ・ツー・メクレンブルク","2326373","","4586","20211029041253"
"318","アウグステ・フォン・プロイセン","2334122","","6780","20200912100227"
"319","アレクサンドリーネ・フォン・プロイセン_(1915-1980)","2337256","","3938","20210404120351"
"320","エリーザベト・フォン・プロイセン_(1815-1885)","2342067","","5250","20220311182531"
"321","ルイーセ・ア・ダンマーク_(1875-1906)","2347593","","4624","20211029040857"
"322","カロリーネ・フェルディナンデ・フォン・エスターライヒ","2360196","","3894","20220528132029"
"323","ゾフィー・フリーデリケ・ツー・メクレンブルク","2374455","","4775","20211029041219"
"324","マリアンネ・フォン・ヘッセン＝ホンブルク","2378421","","6309","20220305102218"
"325","エレオノール・ド・ベルジック","2385175","","3133","20190122162021"
"326","マリー・フォン・バーデン_(1782-1808)","2391306","","4049","20220524170928"
"327","ルイーゼ・フォン・バーデン_(1811-1854)","2391396","","3168","20220524175456"
"328","マリー・アマーリエ・フォン・バーデン","2391428","","4163","20220524180722"
"329","エリザベート・ド・リュクサンブール_(1922-2011)","2392582","","4256","20220305112530"
"330","アリックス・ド・リュクサンブール","2392596","","4409","20220305112634"
"331","マリーア・フランチェスカ・ディ・サヴォイア","2397861","","2648","20210306180354"
"332","ヴィクトリア・マルガレーテ・フォン・プロイセン","2401074","","4790","20210423053717"
"333","ヨハンナ・シャルロッテ・フォン・アンハルト＝デッサウ","2402552","","5218","20210313113903"
"334","ルイーズ・ベネディクト・ド・ブルボン","2463234","","14316","20210414103707"
"335","マリー＝テレーズ・ド・ブルボン_(1666-1732)","2463809","","7492","20210312140004"
"336","エリーザベト・フォン・デア・プファルツ_(1618-1680)","2463865","","14856","20210410050112"
"337","ルイーゼ・ホランディーネ・フォン・デア・プファルツ","2463990","","6308","20220630222717"
"338","ヘンリエッテ・マリー・フォン・デア・プファルツ","2463998","","5583","20220629205937"
"339","エリーザベト・シャルロッテ・フォン・デア・プファルツ_(1597-1660)","2466358","","7741","20220624124426"
"340","アミーリア・オブ・ザ・ユナイテッド・キングダム","2483992","","8468","20220414192449"
"341","ソフィア・オブ・グロスター","2484189","","4481","20210308190420"
"342","カタリーナ・フォン・ヴュルテンベルク_(1821-1898)","2485202","","3530","20211107071014"
"343","イザベラ・フォン・エスターライヒ_(1888-1973)","2490213","","4292","20220608125601"
"344","マリー＝アデライード・ド・リュクサンブール","2493115","","3803","20180113122154"
"345","マリー＝ガブリエル・ド・リュクサンブール","2493141","","3309","20220305112404"
"346","マティルデ・フォン・ザクセン","2520507","","5484","20220528135923"
"347","エステル_(エステルイェートランド公)","2531533","","6755","20220322141222"
"348","マリー・フォン・ヴュルテンベルク_(1816-1887)","2531849","","3244","20210613074128"
"349","アウグステ・フォン・ヴュルテンベルク","2531880","","4431","20210802064656"
"350","ツェツィーリエ・フォン・プロイセン","2548008","","4903","20210423053530"
"351","マグダレーナ・ジビュレ・フォン・ザクセン","2548307","","4772","20200830080207"
"352","エリザベート・マルグリット・ドルレアン","2553089","","5923","20220703125520"
"353","イルダ・ド・リュクサンブール","2566040","","4390","20201109153600"
"354","エリザベート・ド・リュクサンブール_(1901-1950)","2566070","","4162","20210318165354"
"355","マルガレータ・ア・ロムニエイ","2578100","","10826","20220219094141"
"356","マルグレーテ・ア・ダンマーク_(1895-1992)","2581146","","4723","20181005173851"
"357","テューラ・ア・ダンマーク_(1880-1945)","2581531","","2450","20200806101818"
"358","ダウマー_(デンマーク王女)","2581656","","3299","20210105161457"
"359","フェオドラ_(デンマーク王女)","2581734","","4066","20171229033218"
"360","アレクサンドリーネ＝ルイーセ_(デンマーク王女)","2581786","","7492","20220526130012"
"361","アン・ボーズ＝ライアン","2582259","","3819","20210320041112"
"362","マリー・フォン・ハノーファー_(1849-1904)","2590054","","4162","20220301093627"
"363","マルゲリータ・ヴィオランテ・ディ・サヴォイア","2597932","","4568","20210307034949"
"364","ルイーザ・クリスティーナ・ディ・サヴォイア","2598052","","5675","20210404010941"
"365","イザベッラ・ディ・サヴォイア","2598204","","3735","20220627142413"
"366","イザベラ・フォン・クロイ_(1890-1982)","2613973","","4915","20220323060804"
"367","ピラール・フォン・バイエルン","2617037","","2975","20210404113958"
"368","パウリーネ・フォン・ヴュルテンベルク_(1877-1965)","2618376","","5438","20220504181646"
"369","マリーア・カロリーナ・ディ・サヴォイア","2618956","","3763","20210707173946"
"370","テレーゼ・フォン・ザクセン＝アルテンブルク_(1836-1914)","2627103","","4709","20220429181430"
"371","ユリイェーネ・ソフィー・ア・ダンマーク","2642012","","4489","20171229042456"
"372","エリサベト・ア・ダンマーク_(1935-2018)","2656782","","3808","20220411173253"
"373","ゼナイード・ボナパルト","2659319","","4173","20210524092024"
"374","テレーゼ・フォン・リヒテンシュタイン","2739562","","2519","20210404052108"
"375","マルガレータ・ド・リュクサンブール","2741179","","4496","20220401111003"
"376","アリアーネ・ファン・オラニエ＝ナッサウ","2753241","","5910","20220416140824"
"377","ラグンヒル_(ノルウェー王女)","2812718","","8911","20210821031443"
"378","アストリッド_(ノルウェー王女)","2813590","","7595","20220523052201"
"379","メーガン_(サセックス公爵夫人)","2861402","","29015","20220608132751"
"380","エリサベト・ア・ダンマーク_(1485-1555)","2888097","","6486","20220305003758"
"381","アンナ・フォン・ブランデンブルク_(1487-1514)","2888410","","7957","20210915033908"
"382","ドロテア・ア・ダンマーク_(1504-1547)","2888475","","5293","20211106045618"
"383","フレゼリゲ・アメーリエ・ア・ダンマーク","2888603","","6967","20220207094930"
"384","ボナ・ディ・サヴォイア","2931810","","5786","20220421130423"
"385","アンナ・マリーア・スフォルツァ","2931837","","2857","20220529090013"
"386","テレーゼ・フォン・バイエルン","3112987","","4792","20211013135606"
"387","シャーロット・オブ・ケンブリッジ","3211147","","19366","20220615143328"
"388","ソフィア_(ヴェルムランド公爵夫人)","3236193","","15505","20220607095248"
"389","ルイーゼ・フォン・プロイセン_(1829-1901)","3295181","","3750","20220514170734"
"390","シュルティ・ラージャ・ラクシュミー・デビー","3330584","","2616","20210110100149"
"391","ヴィオランテ・ベアトリーチェ・ディ・バヴィエーラ","3349927","","5800","20220529092305"
"392","サラ・フォーブス・ボネッタ","3412343","","11746","20211020045355"
"393","インドラ・ラージャ・ラクシュミー・デビー","3620348","","2642","20220303110814"
"394","シャンティ・ラージャ・ラクシュミー・デビー","3621285","","2554","20220303111227"
"395","シャラダ・ラージャ・ラクシュミー・デビー","3621286","","2569","20220303111205"
"396","アンナ・フォン・ザクセン_(1903-1976)","3698247","","7072","20210521113755"
"397","ガブリエラ・ド・モナコ","3700677","","2973","20220421093957"
"398","レオノール_(ゴットランド公)","3709595","","5473","20220322141007"
"399","ルイーゼ・マリー・フォン・デア・プファルツ","3739657","","4253","20220528123554"
"400","アントワネット・ド・メロード","3751990","","3359","20200726042326"
"401","マルフリート・ファン・オラニエ＝ナッサウ","3877525","","11661","20220405062016"
"402","アドリアンネ_(ブレーキンゲ公)","3878295","","11989","20210903190501"
"403","キャロライン・オブ・グレートブリテン","3908769","","7783","20220217163942"
"404","アマーリア・アヴ・スヴェーリエ","4047142","","2480","20210813201206"
"405","シャルロット・ド・ロアン_(1737-1760)","4062602","","5321","20210806085333"
"406","ジョゼフィーヌ・ド・ロレーヌ","4066239","","3374","20210312184426"
"407","クリスティーネ・フォン・ヘッセン＝ローテンブルク","4066665","","4945","20200118140221"
"408","マリーア・ヴィットーリア・フランチェスカ・ディ・サヴォイア","4066746","","5611","20220608111230"
"409","アリックス・フォン・ザクセン","4069661","","6455","20200905000813"
"410","マリーア・カテリーナ・ブリニョーレ・サーレ","4075004","","9342","20210506103909"
"411","マリー・テレーズ・ド・ショワズール","4077218","","6878","20220608111340"
"412","マリー・ド・ロレーヌ_(1674-1724)","4079355","","8900","20211122101714"
"413","ルイーズ・ドーモン","4081213","","6157","20220608145951"
"414","カロリーヌ・ジベール","4082158","","12241","20220606233840"
"415","フロレスティーヌ・ド・モナコ","4082736","","4005","20220424035003"
"416","シャルロット・ド・モナコ","4083859","","6662","20220424033423"
"417","アントワネット・ド・モナコ","4085640","","13108","20220424032918"
"418","マリー＝クリスティーヌ＝クレティエンヌ・ド・ルーヴロワ・ド・サン＝シモン","4086375","","3960","20220424035355"
"419","ローレンティン_(オランダ王子妃)","4160395","","3934","20210626042805"
"420","ナヒエナエナ","4192781","","4127","20220413121558"
"421","インゲボリ・エリクスドッテル・アヴ・スヴェーリエ","4398612","","5069","20211028142839"
"422","リキサ・ア・ダンマーク_(スウェーデン王妃)","4399583","","5305","20220608143757"
"423","クリスティナ・ア・ダンマーク_(スウェーデン王妃)","4399707","","8480","20210619134144"
"424","メヒティルト・フォン・デア・プファルツ","4417150","","7251","20220429115320"
"425","グンヒルト・フォン・デーネマルク","4425175","","6769","20210731122620"
"426","マリー＝アンヌ・ド・ブルボン_(1678-1718)","4445188","","4027","20220529054917"
"427","クリスティーネ・フォン・ヘッセン","4452322","","6922","20210915101510"
"428","マリー・エスメラルダ_(ベルギー王女)","4568073","","9222","20220406045859"